abl,词根：能力
able,/ 5eibl/  能【后缀】表性质、大小状况、状貌
ably,adv. 巧妙地【后缀】表副词，“能…地”
abol,词根：废除
abs,【前缀】离开，离去
ac,【词根】酸的；尖锐的【前缀】＝ad-[用于c，k或q前]
academ,词根：学术
acal,后缀：用以构成的词仅用作形容词，＝-ac
accoutr,词根：dress（穿着）
ace,"/ eis/  n.(纸牌中的)""A""牌，爱司【后缀】表示地点"
acea,后缀:某些动物纲名、目名
aceae,后缀:许多植物科名
aceous,后缀：表形容词，“具有…特征的”
acer,词根：苦， 酸， 尖
acerb,adj. 尖锐的；酸涩的【词根】尖，酸，锐利
acet,【化】 次乙基; 乙酰【词根】sharp，sour尖，酸
acid,/ 5Asid/  a.酸的【词根】酸的；尖锐的
acious,后缀：表形容词，“有特征的，多…的”
acity,后缀：表名词，“有…倾向”
acle,后缀： 表名词，“…物品，状态”
acm,词根：top（顶端）
acou,词根：听，闻
acr,【词根】酸的；尖锐的
acri,词根：表示“尖，酸，锐利”
acro,前缀：表示“最高，顶点，开头” 
act,/ Akt/  表演【词根】行为；行动
acu,词根：表示“尖，酸，锐利”
acy,后缀：表名词，“性质，状态”
ad,/ Ad/  abbr.公元（后）【前缀】表示“向……”之义
add,vi. 加；增加【词根】加
ade,n.果汁饮料【后缀】表示抽象名词
adelph,词根：兄弟
adip,词根：fat（肥）
adjut,词根：assist（帮助）
ado,n. 忙乱【后缀】构成名词，表示“人”，“物”
advant,词根：ahead（前面）
ae,后缀：用于动植物名称后构成动植物科名；构成复数
aeg,词根：山羊，保护、庇护
aem,词根：血
aer,【医】 气压单位【词根】空气；天空
aeri,词根：表示“空气，充气”等
aero,adj.航空的。【词根】表示“空气，充气”等
aesth,词根：发觉
aesthet,【词根】感觉
aestiv,【词根】夏天
af,【前缀】表示动作的开始或结束；转为动词
after,adv. 后来【前缀】表示“在…后面”，“在…以后” 
ag,/ Ag/ a. 农业的【词根】行为；行动【前缀】转为动词
agap,词根：爱
age,/ eidV/  n. 年龄；时代；寿命【后缀】表示抽象名词
agi,词根：表示摇动、行动、驱使、领导、引领等
ago,adv. 以前【词根】引导 
agog,adj. 兴奋的。词根：表示“引导”
agogue,【词根】领导者
agon,n. 斗争；竞赛。词根：表示“挣扎，斗争”
agor,词根：市场
agr,【词根】田野，农田
agri,【词根】田地，农田
agro,n. 暴力行为。 词根：表示“田地，农业”等
ain,【后缀】表示“人”
aire,n. 亚耳河（英国约克郡西部河流）【后缀】表示“人”
al,【词根】滋养【前缀】总的【后缀】表示抽象名词
alacr,词根：swift（迅速）
alb,n. 白麻布圣职衣【词根】表示“白色”
albo,词根：白色， 无色
ald,词根：old（老）
alesc,词根：形成becoming，growing
alex,词根：保护，防卫
alg,adj. 代数学上的【词根】痛苦
algia,后缀：用于构成名词，表示“痛”，“疼痛”
ali,【词根】其他的
alit,词根：形成becoming，growing
ality,后缀：表名词，“状态，性质”
all,/ R:l/  pron.全部；全体【词根】异；其他的
allel,【医】 等位基因， 对偶基因【词根】另一个
allo,adj. 紧密相联的；同分异构的【词根】分歧，不同
ally,n.同盟者。词根：表副词，由  al+ly构成，“…地”
alt,/ Alt/ n. 高音调a. 高音调的【词根】高的
alter,/ 5R:ltE/  v.改变，变更【词根】其他的
altern,"adj. 轮流的；交错的【词根】表示""其他的，改变状态"""
altr,【词根】其他的
altru,词根：other其他，他人
am,/ Am， Em/  上午【词根】喜爱【前缀】不；无
amat,词根：表示“爱，情爱”
amb,【前缀】周围；二者
ambi,【前缀】二，双
ambl,词根：walk行走
amble,vi.缓行， 溜蹄【词根】走
ambul,【词根】行走
amen,/ 5a:5men/n. 祈祷的结束语；赞成【词根】愉快
ami,词根：爱， 喜欢， 爱好
amic,【医】 氨的【词根】friend（朋友）
amin,abbr. 最小声幅【后缀】表“物质”
amoeb,词根：变化
amor,n.爱神丘比特。词根：表示“爱，情爱”
amphi,【前缀】二，双
ampl,【词根】大
ample,/ 5Ampl/  a.充裕的【词根】拿
an,"/ An， En/  一【前缀】无；非；缺乏【后缀】表示""人"""
ana,/ 'B:nE/ n. 言论集， 语录【前缀】表示相似
ance,n. 状态；性质；情况【后缀】表示抽象名词
anch,词根：弯曲
anci,【前缀】在前
anct,词根：表示“神圣”
ancy,【后缀】表示抽象名词
and,conj. 和【后缀】附在动词后构成名词，表示“对象”
andr,前缀：男
andro,n. 穿心莲内酯（中药成分）【词根】男人；男性
ane,后缀：构成名词，表示“烷，烷属烃”
aneity,后缀：表名词，表示“性质，状态”
aneous,后缀：表形容词，表示“…有；…特征的”
ang,【词根】勒死；窒息；尖角
angl,【词根】角
angu,词根：distress（苦恼）
angul,【词根】角
angust,词根：狭窄
anim,【词根】呼吸；心
ank,词根：弯曲
ann,【词根】年
annu,词根：年，一年
ano,词根：上， 后， 再，重新；肛门
ant,/ Ant/  蚂蚁【前缀】在前；相反【后缀】表示“人”
ante,/ 'Anti/ n. 赌注vt. 下赌注【前缀】在前；先前，早于
anth,词根：花 
anthrac,词根：煤
anthrop,【词根】人
anti,n. 反对者【前缀】在前；与post相反；相反；抵抗
antiq,词根：表示“古老”
anx,词根：紧，痛苦
ap,【前缀】远，离，分离
aper,n. 模仿者【词根】打开 
aph,词根：远，离，分离
api,词根：蜜蜂
apic,词根：顶部
apo,【前缀】远，远离
apsis,n. 教堂东端之半圆室【后缀】情况，状态：另见-sis 
apt,/ Apt/  adj. 恰当的【词根】合适的
aqu,【词根】水
aqua,n. 水；溶液【词根】水
aquil,词根：eagie（鹰）
ar,【前缀】转为动词【后缀】表性质、大小状况、状貌
arbit,词根：表示“判断”
arbitr,词根：judge判断
arbor,n. [植] 乔木【词根】树 
arc,/ a:k/  n.弧，弧形物。词根：弓箭
arch,/ a:tF/  n.拱【词根】首领；统治者【前缀】古代
archa,词根：古代的，原始的；古
archae,词根：古
arche,【前缀】主要的
archeo,词根：ancient古代的，原始的
archi,【前缀】原始，旧，原，第一，主要
archy,"adj.拱形的【词根】表示""统治者，统治，主要的"""
arct,词根：北方，熊
ard,【后缀】表示“人”
ardu,词根：difficult（困难）
aren,词根：sand（沙）
arg,n. （函数的）自变量【词根】闪光，白，银
argu,【词根】解释清楚
arian,【后缀】构成形容词或名词
arious,后缀：构成形容词，表示“与…有关的”
arist,前缀：最优越  
aristo,词根：最佳
arithm,词根：数字
arity,后缀：名词后缀，表示情况
arium,后缀：表名词，“地点，场所”
arm,/ a:m/  手臂【词根】武器
arom,词根：apice（香料）
ars,词根：glow，burn灼热，燃烧，热情
art,/ a:t/  美术【词根】技巧；艺术【后缀】表示“人”
arter,词根：pipe（管道）
arteri,词根：动脉
arterio,词根：动脉
arthr,词根：关节
arthro,词根：关节
articul,词根：关节
ary,n. 氩【后缀】表性质、大小状况、状貌
as,/ Az， Ez/  作为【前缀】表示”一再”等加强意
ash,/ AF/  n. 灰；灰烬。词根：燃烧，发光
asin,词根：ass（驴子）
asm,【后缀】表示抽象名词
asper,词根：rough（粗糙）
ass,n. 屁股；驴子；蠢人【后缀】表示抽象名词
ast,后缀：表名词，“…人，物”
aster,/ 'AstE/ n. 紫苑属植物【词根】星星
asthm,词根：panting（喘气）
astic,后缀：形容词后缀，表示“…的”
astr,【词根】星星
astro,"【词根】表示""星星"""
at,/ At， Et/  在…(指时间的某一点)【前缀】转为动词
ate,v.eat的过去式【后缀】表示“人”
athl,词根：竞赛
atic,后缀：表形容词，“有…性质的”
ation,【后缀】构成抽象名词，表示“动作”，“过程”等
ative,后缀：表形容词.“有…倾向（性质）的”
atm,词根：大气，蒸汽
atmo,词根：气 
ator,【后缀】构成抽象名词，表示“做…动作的人”等
atory,后缀:表形容词，'有…性质的';表名词，'场所，地点'
atp,词根：适应，能力
atr,词根：黑色的
atroc,词根：cruel（残酷）
att,词根：能力；倾向；适当的
auc,词根：增加
auct,词根：增加
aud,词根：听
audi,词根：听
audit ,vi. 审计；[审计] 查帐【词根】听
aug,词根：增长；使生长
aur,词根：耳
auri,词根：耳
aus,词根：听
auster,词根：severe（严重的）
austr,词根：aouth（南方）
aut,词根：自己
auth,【前缀】作者
auto,/ 5R:tEu/  n.汽车【词根】自己
aux,词根：增加、增多
auxili,词根：help（帮助）
av,词根：表示“渴望，鸟”
aval,n. 保兑；担保【词根】kownward（向下）
avar,词根：表示“渴望，鸟”
avi,词根：表示“渴望，鸟”
aw,int. 哦！噢！（表示抗议， 厌恶等）【词根】害怕
ax,n. 斧头【词根】轴 
axi,词根：worthy（有价值）
axim,词根：格言，准则
bac,n.用绳子拖的平底渡船【词根】后面
bacteri,词根：细菌
badin,词根：jest（说笑）
bak,词根：热
bal,词根：胀满，包裹，球
balc,词根：门板，粱
ball,"n. 球；舞会【词根】表示""抛，舞，球"""
ban,vt. 禁止，取缔【词根】限制
band,/ bAnd/n.带子， 镶边， 波段， 队， 乐队【词根】捆绑
bapt,词根：浸，泡
bar,/ ba:/n.条；棒【词根】重，压，棒子；障碍
barb,/ bB:d/ n. 倒钩vt. 装倒钩于【词根】胡须
barbar,n. （男）理发员【词根】野蛮的
bard,/ bB:d/ n. 吟游诗人， 诗人【词根】beard（胡子）
barg,词根：船；乞讨;恳求
baro,词根：重，压
barr,【词根】棒子；障碍
bary,词根：重，压
bas,【词根】去，底
bat,/ bAt/n.蝙蝠， 球棒【词根】打；去
bath,/ ba:W/n. 沐浴；浴室；浴盆【词根】deep深，深海的
bathy,词根：深
be,v. 是; 值【词根】居住【前缀】变换为及物动词
beac,词根：火，烤
beat,/ bi:t/vt. 打；打败【词根】blessed（有福的）
bed,/ bed/  床。词根：范围
bel,n. 贝尔（音量比率之单位）【词根】战争；美丽的
bell,/ bel/n. 铃，钟；钟声，铃声【词根】战争；美丽的
belli,词根：战斗，战争
ben,n.内室，起居室【词根】好，做，偏爱，尊敬
bene,n. 祈祷；祝福【前缀】很好；与mal(e)相反
berg,/ bE:g/ n. 冰山【后缀】山；村庄
bev,abbr. 十亿电子伏特【词根】喝
bever,词根：drink（喝）
bey,词根：expect（期待）
bi,【前缀】生命，二
bib,vi. 饮酒，不断地饮酒【词根】喝
bibl,【前缀】书
bibli,词根：book
biblio,【词根】书
bid,/ bid/v.说（问候的话等）。词根：信任；命令
bil,词根：强壮的strong
bili,词根：表示“能力”
bin,/ bin/n. 箱子，容器；二进制【前缀】双；二
bine,n. 蔓；蔓生植物【词根】捆
bio,n. 个人简历，小传【词根】生命
bir,词根：携带，带，拿
bit,/ bit/n.一点儿。词根：撕，咬。
bl,准词根：吹风；颜色
bla,词根：光，亮，燃烧
blan,词根：空白的
blanc,n. 白【词根】白色
blas,词根：bamage（毁坏）
blast,/ bla:st/ n. 爆炸；冲击波【词根】胚
blasto,词根：胚，芽
blaz,词根：火焰
ble,词根：光，亮，燃烧
blea,词根：空白的
blem,【词根】问题；投掷，扔掷
bli,词根：光，亮，燃烧
blo,词根：光，亮，燃烧
blu,词根：光，亮，燃烧
bod,词根：告知，使明白;预兆
boist,词根：爆发，突然迸发，热闹
bol,词根：抛，舞，球，投
bon,【前缀】很好
bond,/ bRnd/n.联结，联系；公债，债券【词根】捆绑
bor,词根：藏，保护;割，刺，钻
bord,词根：side（边）
borough,/ 'bE:rEu/ n. 自治的市镇， 区【词根】气管
bosc,词根：feed（喂）
bot,词根：植物；短棍
botan,词根：erb（草）
bouch,词根：mouth（嘴）
bound,vi. 限制；弹起【词根】限制
bov,词根：ox（牛）
bow,/ bau/v.鞠躬；点头；弯腰。词根：弯，逃跑
br,准词根：破碎，分裂，产生
brac,词根：短，手臂
brace,n. 支柱【词根】两臂
brach,/ brAtF/ n. 雌猎犬【词根】arm臂
brachy,词根：short短
brack,词根：vomit（呕）
brad,n. [建] 曲头钉【词根】摩擦;广阔的
brady,词根：slow缓慢
bran,/ brAn/ n. 糠， 麸【词根】燃烧；烙印
braz,词根：铜
bre,词根：短的
brev,【词根】短的
brevi,【词根】短的
bri,词根：短
bridg,词根：表示“短，缩短”
brief,adj. 简短的，简洁的【词根】短
brig,n. 双桅横帆船【词根】战斗，打
bris,词根：破裂，折，断
broch,词根：pierce（刺，缝）
bron,词根：铜
bronch,前缀：支气管
brut,词根：兽
bry,词根：sprout（发芽）
bryo,词根：膨胀的
bu,词根：表示“牛”;存在，生长，居住
buf,词根：牛
bul,词根：胀满，包裹，球
bulg,词根：袋；膨大
bull,/ bul/ n. 公牛【词根】煮沸boil，seal
bund,n. 堤岸；码头；同盟【词根】绑，捆
bur,n. 刺果【词根】火；藏，保护
burl,/ bE:l/ n. 节， 树节， 树瘤【词根】mockery（嘲笑）
burs,【词根】袋；囊
but,/ bQt/conj. 但是；而是；然而。词根：牛
by,/ bai/ 通过；经过【前缀】副，次要的；附近
bys,词根：尽头end，bottom
byss,词根：borrom（底）
cab,/ kAb/n.出租马车、汽车。词根：头
cac,词根：恶
caco,【前缀】坏的；不好的
cad,/ kAd/ n. 卑鄙的男人， 下流人， 无赖【词根】落下
cade,n. 杜松【后缀】队伍，行列
cal,词根：beautiful（美丽）
calam,词根：misfortune（不幸）
calc,【计】 计算【词根】石，小石子，计算
calcul,词根：石，计算
cale,词根：heat热
calend,词根：first day（每月第一天）
call,/ kR:l/vi. 呼叫；拜访；叫牌【词根】硬皮
calli,词根：美
calor,【词根】热
calori,词根：热，热的
cam,n. 凸轮【词根】遮盖，室
camb,词根：睡，卧，躺
camer,词根：房间
camera,/ 'kAmErE/ n. 照相机， 摄影机， 密谈室【词根】房间
camp,/ kAmp/n. 露营  vi. 露营；扎营【词根】田野；原野
can,/ kAn/n.罐头， 铁罐。词根：知道；管，小容器
cand,n. 萤石【词根】白色的；光亮的
cant,/ kAnt/n.伪善之言， 黑话， 隐语， 斜面【词根】唱歌
cap,/ kAp/n.帽子【词根】头；拿；捉住
capill,词根：毛发
capit,词根：头
capr,词根：山羊
caps,词根：容器，盒子
capt,词根：表示“拿，抓，握住”
car,/ ka:/n. 汽车；车厢【词根】车；跑
carb,词根：碳
carcer,词根：监狱 
card,n. 卡片；纸牌【词根】心
cardi,词根：心
cari,词根：腐烂
caric,词根：load（过分）
carn,n. 堆石标记；肉【词根】肉
carp,/ kB:p/n.鲤鱼;vi.吹毛求疵【词根】果实
carpo,词根：果实
carstin,词根：明天
cart,n. 二轮运货马车【词根】车，纸
carv,词根：写，画，划
cas,【词根】落下
cast,/ ka:st/vi.投掷；投射；抛【词根】投掷
cat,/ kAt/n.猫【前缀】下面
cata,n. 渺位【前缀】下面
caten,词根：chain（链）
cath,词根：泄、通
cathar,词根：pure（纯洁）
cathol,词根：general（普通的）
cau,词根：烧，热
caud,词根：尾部
caul,/ kR:l/ n. [胚] 胎膜；大网膜【词根】stem（根，杆）
caus,词根：原因，砍，击
cause,/ kR:z/n.原因， 导致某事发生的人或事【词根】理由
caust,词根：bun（烧）
caut,【词根】燃烧;听，看，注意
cav,【词根】中空的
caval,【医】 腔静脉的【词根】horse（马）
cay,/ kei/ n. 沙礁， 珊瑚礁， 沙洲【词根】fall降落
ce,【后缀】表示抽象名词
ceal,词根：遮盖，隐藏
ceas,词根：走；停止
ced,【词根】行走
cede,vt.放弃【词根】走；让步
ceed,【词根】走；让步
ceipt,【词根】拿，抓，握住
ceit,词根：抓，取
ceiv,词根：抓，取
ceive,【词根】拿，抓，握住
cel,动画序列中的单帧【词根】天空【后缀】表小称或“缩小”
cele,后缀：表示“腔”，“瘤”，“肿”，“膨出”，“疝”
celebr,词根：honor（荣誉）
celer,【词根】快速的
celib,词根：single（单个）
cell,/ sel/n. 细胞；电池【词根】小房间；隐藏
cem,词根：躺，床，家，城市
cen,词根：白，白热，发光
cend,词根：白，白热，火光；爬
cens,词根：判断，评价;闪光，白
cent,/ sent/n. 分；一分的硬币【词根】百；唱歌
centi,n. 厘；百分之一【前缀】百，百分之一
centr,【词根】中心
centri,词根：中心
cep,词根：拿
cephal,词根：头
cept,【词根】拿，抓，握住
cer,n. 陶瓷【词根】硬
ceram,词根：earth（陶土）
cerebr,【词根】脑
cern,【词根】分开，放，搞清，区别
cerpt,【词根】拿
cert,/ sE:t/ n. 必然的事情【词根】确定的
certi,词根：确凿，可靠;信誉，信用
ces,词根：行走
cess,/ ses/ n. 地方税， 土地税， 特种税【词根】走；让步
cest,词根：行走，前进；纯洁
chal,词根：叫喊；要求；小石
chame,词根：ground（地）
chand,词根：蜡烛；火，光，热
chann,词根：管，小容器
chans,词根：歌唱；下降；降落；天意
chant,/ tFa:nt/ vi. 唱歌；反覆地唱歌【词根】唱歌
chap,/ tFAp/  n.男人；小伙子；家伙【词根】头，首，冠
char,vi. 烧焦；打杂【词根】车，跑;喜欢，渴望
chara,vi. 烧焦；打杂【词根】性质;磨，擦，刮，涂
charg,词根：装载
chart,n. 图表；海图；图纸【词根】纸
chast,【词根】纯洁的
cheir,词根：hand手
chem,【词根】化学
chemico,词根：chemitry化学
chemo,n. 化疗（等于chemotherapy）；化学疗法【词根】化学
cher,词根：喜欢，渴望
chiev,词根：头
chil,词根：冷，冻
chili,n. 干辣椒， 辣椒粉【前缀】千
chir,【词根】手
chiro,n.海鲢【词根】手
chis,词根：挖；切
chival,词根：马匹
chlor,词根：绿 
chloro,词根：氯，绿
choic,词根：尝，选
chok,词根：契合，塞住
chol,词根：黄色，发光
chondr,词根：cartilage（软骨）
choos,词根：尝，选
chor,词根：表示“歌，舞”
chri,词根：磨，擦，刮，涂
chro,词根：颜色
chrom,词根：表示“颜色”
chromat,词根：铬，颜色，色素
chron,【词根】时间
chrys,词根：黄色;金
chtys,词根：golden（金色）
cian,后缀：表示人的职业
cid,【词根】落下
cide,【词根】切割;杀
cil,词根：喊，回响，召唤，清楚；表示“召集”
cili,词根：眼皮eyelid
cin,词根：激起，唤起
cinct,【词根】绑；环绕
cine,n. 电影【词根】运动
cinemat,词根：film电影
ciner,词根：ash（灰）
cintamin,词根：pollute（污染）
cip,【词根】拿
cipit,词根：表示“头”
cir,词根：圆，环
circ,【计】 广义圈【词根】圆；环
circu,【前缀】环绕；在…周围
circum,n. 环绕，周围【前缀】周围，环绕
cirl,词根：环绕，周围
cirr,词根：触毛，卷须，卷云
cirro,词根：触毛，卷须，卷云
cis,【词根】切
cise,【词根】切割
cist,/ sist/ n. 石棺， 墓窖， 圣器箱【词根】box（盒子）
cit,n. 市民【词根】召唤
cite,/ sait/vt.引用， 引证， 提名表扬【词根】召唤；驱策
citr,词根：柠檬，柑橘
civ,【词根】市民
civi,【词根】公民
cl,词根：粘，连，球，块，抓
cla,词根：喊，回响，召唤，清楚
claim,/ kleim/  n.(据权利提出的)要求【词根】大叫
clair,词根：表示“清楚，明白”
clam,/ klAm/n. 蛤；沉默寡言的人；钳子【词根】大叫
clandestin,词根：secret（秘密）
clar,【词根】清楚的；清澈的
claus,【词根】关闭
clav,词根：钥匙key
cle,【后缀】表小称或“缩小”
cleav,词根：分离；粘住
clen,【词根】倾斜
cli,词根：lean倾，斜
clim,【词根】气候；顶点
clin,【词根】倾斜，弯曲
cliv,词根：表示“倾斜，斜坡”
clois,词根：关闭
clos,adv. 秘密地【词根】关闭
close,/ klEuz， klEus/  关；关上【词根】关闭
clud,【词根】关闭
clus,【词根】关闭
clys,词根：dash（猛冲）
cmul,词根：heap（堆积）
co,【前缀】一起；共同；联合
coars,词根：跑，发生
coc,词根：煮
coct,【词根】烹调
codi,词根：法典
cog,n. 钝齿；雄榫【词根】同
cogit,词根：想
cogn,【词根】知道；认识
cognis,【词根】知道；认识
cognit,【词根】知道；认识
col,/ kRl/ n. 出口， 山坳【计】 列【前缀】共同
colis,词根：巨大great
coll,n. 胶原【词根】共同；脖领，领子
colon,/ 5koulEn/  n.冒号【词根】栖息
coloss,词根：巨大great
com,【前缀】 表示“一起”、“共同”、“完全”
combus,词根：燃烧
comit,词根：伴随accompany
commod,词根：方便
commun,【词根】共同的
con,"/ kRn/vt. 精读；默记【前缀】表示""共同"""
conch,/ kRNk/ n. 海螺壳【词根】贝壳
cond,n. 气孔导度；电导率 【词根】表示“藏”
contr,词根：反对，相反
contra,/ 'kRntrE/ n. 反对， 相反【前缀】反对；逆
contro,【前缀】反对；逆
cop,/ kRp/n.巡警【词根】abundance（丰富）
copi,词根：充裕，丰富
copr,词根：粪
copul,词根：结合
cor,【医】 心脏， 心【词根】心【前缀】一同，合并
cord,/ kR:d/n. 绳索；束缚【词根】心
cori,词根：skin（皮）
corn,n. （美）玉米【词根】角
coron,词根：冠状
corp,【经】 公司【词根】身体
corpor,【词根】体
corrig,词根：correct（改正）
cort,词根：公正的;正当的
corusc,词根：glitter（发光）
cosm,【词根】宇宙；次序
cosmet,词根：美丽
cosmo,词根：世界，宇宙
cost,vi. 花费【词根】习惯
coun,【前缀】国家，全
count,/ kaunt/v.数(数目)，点计(数)【词根】数；计算
counter,/ 5kauntE/  n.柜台【前缀】反对；逆
countrer,前缀:反对，相反
coup,/ 'ku:/ n. 砰然的一击， 妙计【词根】切割
cour,【词根】心；跑
cours,"词根：表示“跑，发生”"""
cover,/ 5kQvE/n. 封面，封皮；盖子；掩蔽物【词根】覆盖
cow,/ kau/n.奶牛。词根：牛
cr,准词根：叫喊；爬行
cra,词根：混，煮
cracy,【词根】统治；权利
cran,词根：弯，扭
crani,词根：头颅
cranio,词根：头脑 
cras,词根：mixing（混合）
crastin,词根：tomorrow（明天）
crat,【词根】统治
crav,词根：工艺，技艺，力
cre,【词根】制造；生长;放
crea,词根：创造，增长，产生
creas,"词根：表示“增长，产生”"""
crease,"n. 折痕【词根】表示“增长，产生”"""
creat,词根：生长
cred,n. 街头信誉【词根】相信
creet,词根：搞清，区别
crep,词根：出声rattle
crepit,词根：burst（爆裂）
cresc,【词根】制造；生长
cret,【词根】分开;放；创造
cri,词根：审判，审理
cric,词根：圆圈
crim,n. （澳）罪犯【词根】罪
crimin,【词根】分辨
crip,词根：皱，卷；爬行
cris,【词根】评判
crit,n. 暴击【词根】判断，分辨
cro,词根：顶点，高
croach,词根：钩，弯曲
croch,词根：交叉，十字架，信仰，相信
cros,词根：交叉，十字架，信仰，相信
crsc,词根：统治
cru,n. 酒的度数【词根】粗，生长
cruc,【词根】十字，交叉
crud,/ krQd/ n. 渣滓；脏家伙；搀和物【词根】raw（生的）
crue,词根：生长，成长，增加
cruis,词根：交叉，十字架，信仰，相信
crus,n. 小腿【词根】十字，交叉
cry,/ krai/vi. 哭；叫；喊【词根】冷
cryo,词根：寒冷 
cryph,词根：隐藏
crypt,n. 土窖，地下室；腺窝【前缀】隐藏的
crystall,词根：crystal结晶
cu,词根：胀，鼓，洞
cub,/ kQb/ n. 幼兽， 年轻人【词根】躺，卧
cuis,词根：烹调，热
cul,【后缀】耕种，培养
culc,词根：踏；踩
cule,【后缀】表小称或“缩小”
culin,词根：kitchen（厨房）
culmin,词根：top（顶）
culp,【词根】责备；罪
cult,/ kQlt/  n.狂热信徒，崇拜者【词根】耕种，培养
cumb,【词根】躺下
cumbr,词根：obstruction妨碍
cumul,词根：堆积
cup,n.  杯子， 优胜杯， 茶杯【词根】抓，取，拿
cupr,词根：铜，一价铜，二价铜
cupro,词根：铜，一价铜，二价铜
cur,/ kE:/ n. 恶狗， 杂狗【词根】跑；流动
cura,词根：关心
cure,/ kjuE/n. 治愈； 药物； 疗法；【词根】小心；注意
curr,vi. 发咕咕声；咕咕叫【词根】跑，发生，快速做
curs,n. 杂种狗【词根】跑；流动
curt,/ kE:t/adj. 简略的；简要的【词根】short（短）
curv,词根：弯曲；环绕，周围
cus,词根：原因，砍，击
cuse,【词根】理由
cuss,/ kQs/ n. 诅咒， 坏话， 家伙【词根】击，打，摇动
cust,【词根】习惯
custod,词根：guard（看护）
cut,/ kQt/ n. 切口， 割伤， 降低， 伤口 【词根】皮
cutl,词根：刀
cy,【后缀】表示抽象名词
cyc,词根：圆；环
cycl,n. 轮子；圆圈；循环【词根】圆圈，周期
cyclo,n. 三轮车【词根】圆圈，周期
cylind,词根：roll（卷）
cyn,词根：表示“狗”
cysto,词根：胞，囊，膀胱
cyt,词根：细胞 
cyte,词根：细胞
cyto,词根：细胞
d,前缀：右或顺时针方向.后缀:构成某些动词的过去式等
dactyl,n.强弱格，长短格； 手指【词根】手指
dai,词根：日，天
dain,词根：有价值的
dam,/ dAm/n.水坝，水堤；障碍物。词根：统治，家，屋，驯服
dama,词根：conpuer（征服）
damn,vi. 谴责【词根】损害，诅咒
dan,n. 段【词根】低地
dang,词根：悬挂;危险
dat,【词根】给
de,【化】 非对映体过量【前缀】去，反，解，往底下
deb,/ deb/ n. 初上舞台的人【词根】负债
dec,【词根】十，适当的
deca,【前缀】十
decem,【前缀】十
deci,【计】 十分之一【前缀】十
decim,词根：手指；十
dei,【词根】神
delect,词根：delight（愉快）
delir,词根：mad  (疯）
delt,词根：三角
dem,【词根】民众
demi,adj. 小的，一半的【前缀】半
demn,【词根】损害
demo,n. 演示；样本唱片；民主党员【词根】人民，人们
dendr,词根：树
dens,n. 兽窝，兽穴（den的复数）；牙齿【词根】浓密
dent,/ dent/n. 凹痕；削弱；减少；齿【词根】牙齿
dento,词根：tooth牙齿；tooth树
dep,词根：深，倒，筛，滴
der,【词根】给予
derm,n. 真皮；皮肤【词根】皮肤
derma,n.真皮【词根】皮肤
dermat,【词根】皮肤
des,【前缀】脱，去，除，离，解除
deterior,词根：worse（更坏）
deuter,词根：第二
dex,词根：手指；说；教，信仰
dext,词根：右边，熟练
dexter,adj. 右侧的；幸运的【词根】右边的；熟练的
dextr,【词根】右边的；右手；熟练的
dextro,词根：熟练的
dg,【词根】指出
di,【词根】日【前缀】二
dia,【前缀】在两者之间
diabol,词根：魔鬼
dibil,词根：weak  (衰弱)
dic,【词根】宣称；说
dict,【词根】说
didact,/ di'dAkt/ n. 说教者【词根】teach（教）
die,vi. 死亡 【词根】日，发光
dif,"【前缀】表示""不，否定，分开"""
dig,/ dig/ vt. 挖， 翻土， 发掘【词根】需要need，lack
digit,n. 数字，位数，指头【词根】finger（手指）
dign,【词根】价值；有价值的
dil,【前缀】表示否定、相反或相对；表示分离
dipl,词根：double双，复，两
diplo,词根：两倍
dips,词根：口渴
dis,【前缀】表示“分开； 分离； 否定； 不”之义
dit,/ dit/ n. (摩尔斯讯号的)点【词根】给；说
div,词根：神；深
divid,词根：分割
divin,词根：神
divis,【词根】分割
do,/ du:， du/  aux.v.vt.做，干，办【前缀】二；双
doc,【词根】教导
doct,【词根】教
dodeca,【前缀】十二
dog,/ dRg/n. 狗；vt. 跟踪【词根】teach教
dogm,词根：opinion（观点）
dogma,/ 'dRgmE/ n. 教条【词根】教条的
dol,【医】 痛单位【词根】分发；悲伤，觉得痛
dole,/ dEul/n. 施舍; 少量的施舍物【词根】悲伤
dom,【词根】家；房子；驯服；驯服【后缀】表示抽象名词
domin,词根：统治，控制
domit,词根：tame（驯服）
don,/ dCn/vt. 穿上， 披上;n. 大学教师【词根】给予
dont,词根：牙齿
dorm,/ dR:m/  n.宿舍【词根】睡觉
dors,词根：back（背）
dos,abbr. 磁盘操作系统【词根】给
dot,/ dRt/n.小点，圆点 vt.点缀【词根】给予
dou,词根:二；双
doub,词根:二；双
dow,【词根】给予
dox,【词根】意见
dr,准词根：坠落；拉扯，拽
dra,词根：抽，拉引，拖
draft,/ dra:ft/vt.起草， 为...打样， 设计【词根】pull拉
draw,/ drR:/  画【词根】拉，抽，拖
dress,/ dres/n. 连衣裙；女装【词根】针对；纠正；穿
drif,词根：驱，赶，推动
driv,词根：驱，赶，推动
drom,【词根】跑；走
drome,n.飞机场【词根】跑；走
du,【计】 定义使用【词根】负债【前缀】二，双
dub,"/ dQb/n. 笨蛋； v.给…起绰号。词根：表示""二，双"""
dubi,【医】 雅司病【词根】doubtful  (怀疑）
duc,【词根】引导
duce,n.  元首; 领袖【词根】引导
duct,n. 输送管，导管【词根】引导
duit,【词根】引导
dulc,词根：甜
dulg,词根：让步yield
dum,词根：沉重的咚咚声
duo,/ 'dju:Eu/ n. 二重唱【前缀】二，双
dupl,词根：二
dur,【词根】坚硬的；持久的
dura,【词根】坚硬的；持久的
dut,词根：职责；学习；税
dy,前缀：二， 两次， 两倍
dyn,【词根】力量
dynam,【词根】力量
dys,【医】 不良， 困难， 障碍【前缀】不好的
e,【前缀】出，除去；超出【后缀】名词结尾e，无实意
eal,后缀：形容词后缀，表示“似…的”
ean,后缀：形容词后缀，表示“如…的”
eas,词根：comfort舒适，容易
ebri,词根：drunken（醉）
ec,【前缀】出，除去；超出
eccles,词根：教会
ech,词根：声音
eco,【词根】家
econom,【词根】经济
ecto,【前缀】外面；…外
ed,埃德（男名）【词根】吃【后缀】形容词后缀
ee,【后缀】表示“人”
eem,词根：拿，获得
een,后缀：构成名词，表示“可爱的人(或物)、小的人(或物)”
eer,adv.无论何时，曾经【后缀】表示“人”
ef,【前缀】表示“由…出来，自”之义
efy,后缀：等于fy，表示“…化”
eg,词根：我，拥有，该，欠
ego,/ 5egEu/n.自我【词根】我；自己
egot,词根：自己
egyr,词根：一起带来
eig,词根：我，拥有，该，欠
el,【前缀】进入某种状态，使成为【后缀】表小称或缩小
elast,【词根】驱动，驱使；拉动
electr,【词根】电的
electro,vt. 电镀【词根】电，电的
eleg,词根：lament  (悲伤）
ella,【后缀】表小称或“缩小”
em,【词根】拿；买【前缀】进入某种状态，使成为…
emet,词根：呕吐
emia,【后缀】表示“血液”
emper,词根：表示“命令，统治”
empt,【词根】拿；买
emul,词根：equal  (平等）
en, n. 半方，字母N【前缀】进入【后缀】起功能转换作用
ence,【后缀】用于形容词后构成名词，通常是代替-ent
ency,【后缀】表示抽象名词，表示性质，状态，情况等
end,/ end/  n. 结束；穷尽；到……的尽头。词根：内部
endo,【前缀】在里面的
ene,后缀：名词后缀，表示“烯”类
enigm,词根：迷惑
enn,【词根】年
enne,后缀：表名词，“女性”
ennea,【前缀】九
ent,【后缀】表性质、大小状况、状貌
enter,/ 5entE/vt.进入， 加入， 参加【前缀】在中间，肠道
ento,【前缀】在内
entom,词根：insect（昆虫）
entomo,词根：虫
eo,【前缀】黎明；开始
eous,后缀：表形容词，“有…的”
ep,【前缀】在…上面；在…外面
epi,【前缀】在…上面；在…外面
ept,dj.聪明能干的【后缀】表示“适应，能力”
equ,【词根】相等的
equi,【词根】相等的
er,【后缀】名词后缀;动词后缀;形容词及副词后缀
erc,词根：力量
ere,后缀:指地方  
erebr,词根：brain（脑）
erel,后缀：名词后缀，表示“小称”
erem,词根：孤独的
erg,n. 尔格【计】 尔格【化】 尔格【词根】工作；功
erly,"后缀：形容词、副词后缀，表示“向…"""
ern,【后缀】表示方向;表示场所、地点
ero,词根：爱、性
err,/ E:/  vi.犯错，做错【词根】流浪；犯错
ert,【词根】直；动
ery,【后缀】名词后缀，表示地点、状态等
es,【前缀】出自；超出;=ex【后缀】构成复数
esc,词根：形成becoming，growing
escal,词根：ladder（梯子）
esce,【后缀】动词后缀，表示“开始发生”，“开始成为”
escence,后缀:用以构成名词，相当于形容词后缀-escent 
escency,后缀：表示“开始、正在、逐渐形成某种状态”
escent,后缀：表示“开始、正在、逐渐形成某种状态”
ese,【后缀】形容词兼名词后缀，表示某国的、某地的
esia,后缀：表示“疾病名称”
esis,后缀：表示“疾病名称及医学名词”等
eso,【前缀】内；在…里面
esoter,词根：inner（内在）
esque,【后缀】形容词后缀，表性质、大小状况、状貌
ess,/ es/ n. 字母S【词根】存在【后缀】表示“人”
est,【词根】存在【后缀】用以构成形容词或副词的最高级
esthes,词根：感觉，审美
esthet,【词根】感觉
esti,词根：价值
estim,词根：value（价值）
estiv,【词根】夏天
et,【后缀】表小称或“缩小”
ete,【后缀】用以构成名词，表示“做…者”，“…的人”
eth,后缀：构成序数词；十分之一
ethn,【词根】种族 
ethno,词根：人种
etho,【词根】风俗，伦理
etic,后缀：表形容词，“属于…的”
etr,【词根】进入
etta,后缀：名词后缀，表示“小称”
ette,【后缀】名词后缀，表小、女性等
ety,【后缀】构成抽象名词，表示性质、状态、情况
etym,词根：真正的
etymo,词根：true（真的）
eu,【前缀】表示“真正”，“良好”，“容易”
eur,【后缀】表示“人”
ev,【电】 电子伏特【词根】年龄；时代【前缀】良好
ex,n. 前妻或前夫【前缀】外部，向外；前任，旧
exo,"前缀：表示""外部的，外面"""
exter,【前缀】…外
extern,/ eks'tE:n/ n. 走读生， 走读医学实习生【前缀】…外
extr,【前缀】在…之外；超出；与intra相反
extra,/ 5ekstrE/  adj.额外的【前缀】超越，额外
extro,前缀：以外的，超过的
fa,【词根】说
fab,【词根】说
fabl,【词根】说
fabr,【词根】做
fabul,【词根】说
fac,【词根】脸；额头；前部；做
fact,/ fAkt/n. 事实；实际；真相【词根】制造；做
faction,后缀：表示“形成”，“…化”
fain,adj.  乐意的【词根】形状， 构造， 样式
faith,/ feiW/  n.信任，信念；忠实【词根】信任，信心
fal,词根：欺骗，错
fall,/ fR:l/n.秋天， 落下， 瀑布， 降低， 落差【词根】欺骗
fals,【词根】欺骗；假
fam,【词根】说；名字
fan,/ fAn/n. 迷；风扇；爱好者【词根】出现；显现
fant,【词根】出现；显现
far,/ fa:/a.& ad.遥远。词根：前，早，通过;运，带，走
fare,/ fZE/n.费用， 旅客， 食物【词根】去，走
fas,词根：做，制作
fascin,词根：enchant（迷住）
fast,adj.  快的【词根】紧的 
fat,/ fAt/adj. 肥的，胖的；油腻的。词根：肥；声音，说
fath,词根：低，底，深
fatig,词根：weary（疲倦）
fatu,词根：silly（笨）
faul,词根：欺骗，错
fav,词根：庇护；善意
fe,词根：不（“非”），钱
fea,词根：做，制作
feas,词根：做，神
feat,n.功绩，伟业【词根】做
feath,词根：追求，冲，飞
febr,词根：fever（烧）
febri,词根：热
fec,【词根】做
fect,【词根】制造；做
fecund,adj. 肥沃的；多产的；丰饶的【词根】fruit（果实）
fed,词根：信任
feder,词根：联盟
feit,词根：做
fel,词根：猫
felic,词根：happy（幸福）
fem,词根：生育，养育
femin,词根：女性
femto,词根：千万亿分之一
fen,n.  沼泽; 沼池【词根】栏杆
fenc,词根：击，杀
fend,/ fend/vt.保护， 谋生， 供养， 挡开【词根】打击
fens,【词根】打击
fer,【词根】运送；携带；忍受；结果实；给；煮
ferr,词根：铁
ferro,【计】 铁共振【词根】iron铁
fert,【词根】带来，拿来，给
ferv,【词根】沸腾
fes,词根：做，神;节日
fess,v.坦白，供认【词根】说
fest,【词根】节日；打击
fet,词根：生产productive
fev,词根：热
fi,词根：相信，信任
fian,词根：最后的，最终的
fibr,词根：纤维
fic,【词根】做【后缀】表示“形成…的”，“产生…的”
fication,后缀：表示“形成”，“…化”
fice,【词根】制造；做
fict,【词根】假装
fid,n. 硬木钉， 桅栓【词根】信任
fide,词根：信任
fied,后缀:表示“使”，“使成为”，“使化成”等
fier,后缀：表名词，“人和物”，由-ify转化而来
fig,/ fig/  n.无花果【词根】形状
figur,【词根】形状；形态
fil,【词根】线；纺织
fila,n.  丝; 丝状部份【词根】线；纺织
fili,【词根】线；纺织;儿子
filt,【词根】过滤
fin,/ fin/n.鳍， 鱼翅【词根】结束
fing,词根：五
finit,词根：终，极
fir,/ fE:/n.冷杉， 枞树， 杉木。【词根】火；前，早，通过
firm,/ fE:m/  n.公司【词根】坚固的
fisc,/ fisk/n. 古罗马国库【词根】pruse（钱包）
fiss,词根：裂
fit,vi. 符合，配合【词根】适当；做
fiv,词根：五
fix,/ fiks/n.困境， 方位， 贿赂【词根】固定
fl,准词根：弯曲；飞，流
flag,/ flAg/  n.旗子【词根】burn，flame燃烧，火焰
flagell,词根：whip（鞭子）
flagr,【词根】火焰；燃烧
flam,/ flAm/ n. 谎， 假话vt. 欺瞒【词根】火焰；燃烧
flat,/ flAt/adj.平坦的， 扁平的， 单调的【词根】吹气
flau,词根：吹
flav,词根：流，溶，熔
flec,词根：反转
flect,【词根】弯曲
flex,vt. 折曲；使收缩【词根】弯曲
flict,【词根】打
flig,词根：打出，推进
flor,【词根】花
flot,词根：漂浮
flour,/ 5flauE/  n.面粉，粉；粉状物质【词根】花
flu,/ flu:/  流感【词根】流
fluc,词根：流
fluct,词根：流动
fluctu,词根：wave（波浪）
fluv,词根：流
flux,n.  流出【词根】流
foc,词根：焦点
fold,/ fEuld/n.折， 羊栏， 折痕【后缀】形容词及副词后缀
foli,【词根】叶子
foll,词根：风囊
fon,词根：喜爱
for,/ fR:， fE/  为；给【词根】前，早，通过
forc,【词根】城，高，强，力量
force,/ fR:s/  n.（常pl.）军队【词根】强壮的
fore,/ fC:; fCE/n.前部， 船头【前缀】在前面；前面
forg,词根：造
form,/ fR:m/n.形状， 形态， 外形， 表格【词根】形状；形式
fort,n.要塞，堡垒【词根】强壮的，运气【前缀】十四
fortu,词根：运气
fortun,【词根】可能性；机会
fost,词根：养育，喂食
found,v.建立， 创立， 创办【词根】基础；底部；注入；倒入
fra,词根：打破
fract,【词根】损坏；破裂
frag,"词根：表示“打碎”"""
frai,"词根：表示“打碎”"""
fram,词根：形成，结构；确定，真实
franc,/ frANk/  n.法郎【词根】自由的；免费的
franch,词根：公民权
frang,"词根：表示“打碎”"""
frater,n.兄弟，会友【词根】兄弟
fratern,词根：brother（兄弟）
fratr,词根：brother兄弟
fresc,词根：新鲜 fresh
fri,词根：爱，友爱，自由
fric,词根：摩擦
frig,n.冰箱【词根】冷
friger,"词根：表示“冷”"""
front, n.& a.前面(的)；前部(的)【词根】脸；额头
fros,adv.  向那边， 向后【词根】冻结
fruct,词根：果
frug,词根：fruit果实，水果
fu,词根：存在，生长，居住
fud,词根：流，逃，消失
fug,n. 闷浊空气vi. 呆在闷室中【词根】逃跑；逃走
fuge,词根：逃走
ful,【后缀】名词后缀，形容词后缀
fulg,词根：shine（发光）
fulm,词根：逃跑
fulmin,词根：thunder（雷声）
fum,【词根】烟
fun,/ fQn/ n. 乐趣， 玩笑， 娱乐【词根】烟;绳索
funct,【词根】做，履行，完成
fund,/ fQnd/  n.资金；基金；存款【词根】基础；底部；流
fung,词根：功用
fur,/ fE:/  n.毛皮；毛；软毛【词根】wild狂野的
furc,词根：fork（分叉）
furt,词根：steal（偷）
fus,【词根】灌，流，倾，泄
fusc,词根：dark（黑的）
fuse,/ fju:z/n.保险丝， 熔丝【词根】注入；倒入
fut,【词根】注入；倒入
fy,【后缀】表示“做成”、“使…化”
gain,/ gein/n. 增加；利润；收获【词根】against（反对）
gal,n. 加仑（重力加速度单位）；姑娘【词根】呼啸；唱
galact,词根：乳
galax,词根：milk（乳）
gam,/ gAm/ n. 鲸鱼群， 社交， 腿vt. 社交【词根】婚姻
gamb,词根：腿;走;跳
gamos,词根：婚姻
gamy,/ 'geimi/ a. 勇敢的， 猎物多的【词根】婚姻
gar,词根：装饰，注意，保护;叫，关心
gard,词根：抓，围，圈
garn,词根：表示“装饰，供应”
garr,词根：chatter（唠叨）
gas,/ gAs/  n.气体。词根：打呵欠，裂开
gastr,【词根】胃；腹部
gastro,【词根】胃；腹部
gath,词根：联合，加入，合适
ge,前缀：地球 
gemin,词根：成对
gemm,词根：芽
gen,/ dVen/ n. 消息， 真相， 情报【词根】生产；种族
gener,【词根】生产；种族
genit,"词根：表示“出生，产生”"""
gent,n. 绅士；假绅士；男子【词根】温和；生产；种族
genu,/ 'dVenju:/ n. 膝【医】 膝【词根】生产；种族
geo,【词根】土地，地球
ger,【词根】携带；运送
germ,n. 萌芽；细菌【词根】要害部位；出生，产生，种族
geronto,词根：老
gest,/ dVest/ n. 诗体小说， 昌险行为【词根】携带；运送
get,/ get/vt.到达。词根：抓，取，拿
geth,词根：联合，加入，合适
ghast,词根：惊恐
ghbour,【词根】百姓
giga,n.十亿，千兆【词根】十亿
gigant,词根：巨大
gin,/ dVin/n.陷阱， 起重装【词根】生产，产生，种类
gister,"词根：表示“带来，产生”"""
giv,词根：给，接受，有
gl,词根：黄色，发光；粘，连，球，块，抓
gla,词根：黄色，发光
glac,词根：表示“冰”
glaci,词根：冰
gladi,词根：剑
glo,词根：块， 团
glob,n.  水珠; 东西【词根】球
glomer,【词根】聚集，球
glor,词根：荣誉，光荣
gloss,n.  光泽， 色泽【词根】表示'舌头'，引申为'词语'
glot,词根：表示“舌头”，引申为“词语”
glu,词根：结块， 结合， 粘合
gluc,词根：甜、甜的
glyc,词根：甜、甜的
gn,【词根】出生，知道
gnant,词根：出生
gnath,词根：颌；下巴
gni,词根：知道
gno,词根：知道
gnor,词根：知道
gnos,词根：知道
god,/ gRd/n.神。词根：召唤
gog,词根：引导
gol,词根：黄色，发光
gon,【词根】角
gor,词根：收集，集合
gorg,【词根】喉咙
gos,词根：召唤
gr,词根：生长，增加
gra,【词根】喜爱，感激，称赞
grac,词根：愉快，取悦
grad,n.毕业生，校友【词根】步，走，级
graf,词根：写， 画
gram,/ grAm/n. 绿豆； 鹰嘴豆；【词根】写
gran,词根：表示“颗粒”
grand,/ grAnd/a.豪华的；庄重的【词根】大，宏大，高
graph,/ grAf/  n.(曲线)图，图表【词根】写，图
grapher,后缀:表示“画(或写、记录、描述)的人(或专家)”  
graphy,后缀:'写法'，'书法'，'画法'，'记录法'，'图示法'  
grat,greet的过去式【词根】使高兴
grav,【词根】重的
gravat,词根：重，加重
graz,词根：生长，变绿
gred,词根：走，步，行
gree,"词根：表示“感激，高兴”"""
greg,【词根】聚焦；群
gress,【词根】走
gret,词根：叫喊，哭
griev,"词根：表示“重"""
groc,词根：厚，大，粗
grop,词根：抓
gross,/ grEus/adj. 总共的；粗野的；恶劣的【词根】大
gru,词根：聚集， 联合， 合并
guar,词根：注意，保护
gubern,词根：管理
guer,词根：战争，搞乱，混
gurg,【词根】喉咙
gymn,词根：裸露
gyn,【词根】妇女
gynaeco,词根：woman，female妇女，雌
gynec,"词根：表示“妇女”"""
gyr,【词根】转
gyro,n. 陀螺仪， 回转仪， 陀螺【词根】whirl，ring旋转，环
hab,【词根】给，接受，有
habit,/ 5hAbit/  n. 习惯；习性【词根】居住；有
haem,n. 血红素【词根】血液
haemat,词根：血
hagi,词根：holy，saint神圣，圣徒
hal,【词根】呼吸
hale,v.  强拉; 硬拖【词根】呼吸
halit,词根：呼吸
hap,/ hAp /n.偶然， 机会， 运气;【词根】运气
har,词根：战争，军队；硬
hara,词根：磨，擦，刮，涂
harm,/ ha:m/vt. 伤害；危害；损害【词根】适合
harmon,词根：concord，harmony和谐，和声
harv,词根：采，摘，收获
hast,v.  第二人称单数现在式【词根】抽水
haught,词根：high  (高）
haust,【词根】拖，拉
haut,词根：高
hav,词根：抓，取，拥有
haws,词根：粗绳，拖，拉
heal,v.  治愈【词根】完整，无损伤，健康
heav,词根：抓，取
hec,词根：保持，抓，暂停
hecto,【电】 格克脱【前缀】百
hedon,词根：愉快
hedr,词根：侧面
hedron,词根：...面体
hein,词根：odious  (可恨的）
hel,词根：太阳，日
heli,前缀：太阳；直升机  
helic,【词根】螺旋
helio,【词根】太阳
hem,/ hem/ n. 边缘， 折边， 哼声【词根】血
hema,词根：血
hemat,词根：血
hemato,词根：血
hemer,词根：day  (一天）
hemi,【前缀】半
hemo,词根：血
hend,词根：抓，取，拿
hendeca,前缀：十一  
hens,词根：抓，取，拿
hepat,前缀：肝脏  
hept,前缀：七  
hepta,n.七【前缀】七
heptadeca,【前缀】十七
her,/ hE:， hE/  她的【词根】粘住；继承人
herb,/ hE:b/  n.草本植物；药草；香草【词根】草
herd,/ hE:d/  n. 兽群，畜群；放牧人【后缀】表示“人”
here,/ hiE/adv. 在这里；此时【词根】粘着
hered,词根：继承
herit,词根：继承
hes,词根：粘着
heter,【前缀】另一的；不同的
hetero,【前缀】另一的；不同的
heur,词根：发现
hex,n.  魔女; 十六进位【词根】六
hexa,【前缀】六
hib,词根：给，接受，有
hibern,词根：冬天
hibit,词根：拿，持
hid,v.隐藏(hide的过去式 )【词根】盖，藏
hier,【前缀】骶骨，宗教，神圣的
hilar,词根：快乐的 
hing,词根：悬挂
hipp,词根：马
hist,前缀：组织  
hoars,词根：热
hod,/ hRd/ n. 木制容器， 煤斗， 装木炭容器【词根】路
hol,词根：完整，无损伤，健康；遮盖，隐藏
holo,【前缀】全
hom,【词根】人【前缀】相同
homo,n.  同性恋者【前缀】表示“同类的”
hones,词根：尊敬，荣誉
hood,/ hud/n. 头巾；覆盖；兜帽【后缀】表示抽象名词
hop,/ hRp/v.单脚跳。词根：跳
hor,词根：角，头
horr,词根：发抖；怕
hors,词根：跳
hort,词根：表示“鼓励”
hos,词根：粗绳，拖，拉
hosp,词根：客人
hospit,词根：客人
host,n.  主人【词根】客人
hous,词根：盖，藏
hug,/ hQg/vt. 拥抱；紧抱；抱有，坚持。【词根】高
hum,/ hQm/v. 作嗡嗡声；哼唱【词根】人；地面;土地
human,adj.  人类的【词根】人；地面;土地
hund,词根：百，百分之一
hur,词根：战争，军队；角，头
hus,词根：盖，藏
hut,/ hQt/n.小屋；棚屋。【词根】盖，藏
hydr,词根：水
hydra,n.  九头怪蛇【词根】水
hydro,/ 'haidrEu/ n. 水疗医院【词根】水
hyet,前缀：雨，下雨  
hyeto,前缀：雨，下雨  
hygi,词根：卫生
hygro,前缀：湿气  
hyl,前缀：物质  
hyp,前缀：低下  
hyper,【前缀】超出，过于
hypn,词根：睡觉
hypno,【词根】睡觉
hypo,n.  海波; 定影剂【前缀】次，亚；在……之下
hypso,前缀：高度  
hyster,前缀：子宫 
i,/ ai/  我【前缀】不；无
ia,表名词，“某种病”“总称，状态”
iac,【后缀】表性质、大小状况、状貌
ial,【后缀】表示属于...的、具有...的、有...性质的
ially,后缀:副词，表示有…特点的等
ian,【后缀】形容词后缀，名词后缀
iasis,后缀：表示“疾病名称”
iatr,词根：医生
iatry,后缀：名词后缀，表示医术
ibility,【后缀】表示抽象名词
ible,【后缀】形容词后缀，表示“可...的”等
ibly,后缀：表示“可…地”，“能…地”：
ic,【后缀】形容词后缀，名词后缀
ical,【后缀】形容词后缀
ically,后缀:构成以-ic，ical 结尾的形容词的对应副词
ice,/ ais/  冰【后缀】表示抽象名词
ichno,词根：足迹 
ichthy,词根：鱼
ician,后缀:表示“…家”，“…师”，“…工作者”
icity,"后缀：名词后缀，表示“性质”，“状态”，“程度"""
icle,后缀:构成名词，表示“小”
icon,/ 'aik3n/n．图像符号；图标【词根】形象；偶像
ics,【后缀】表示抽象名词
icular,后缀：形容词后缀，表示“…的”
id,n.(identity的缩写)身份(证)【后缀】形容词后缀
idae,后缀：名词后缀，表示“…科”
ide,"【词根】表示""思想，观点""""【后缀】表示化合物"
iden,词根：相同
ident,【词根】相同
ideo,"词根：表示“思想，观点”"""
idio,【词根】个人的；独特的
idity,后缀：名词后缀，表示“状态”
idol,/ 5aidl/  n.偶像，被崇拜的人【词根】形象，偶像
ie,【后缀】名词后缀，表示小称等
iency,后缀：表名词，ence的变体
ient,后缀：形容词后缀
ier,【后缀】表示“人”
ies,后缀：名词后缀，形容词后缀
iest,后缀：形容词或副词的最高级
ific,后缀：表形容词，“产生…的”
ification,后缀：表名词，由ific变化而来
ifice,【词根】做成……；使……成为
ify,【后缀】表示“做成”、“使…化”
ig,【词根】行为；行动【前缀】不，非，无
iginous,后缀：形容词后缀，表示“患…病的”
ign,【词根】火
igo,后缀：表示“疾病名称”
il,【前缀】不，非，无；向内，进入，朝
ile,【后缀】形容词后缀，名词后缀
ility,后缀：名词后缀，表示“性质”
im,【词根】主张【前缀】不，非，无；向内，进入，朝
imag,词根：想象，相象，肖像
imit,词根：表示“想象，相象”
imper,词根：表示“命令，统治”
in,在…里面【前缀】不，非，无【后缀】表示“集体活动”
ina,后缀:用以构成乐器名、生物分类名等
incip,词根：begin（开始）
indi,前缀：在内  
ine,【后缀】形容词后缀;名词后缀
infra,adv.  以下; 之外; 以后【前缀】低下；在下，在下部
ing,【后缀】名词后缀;形容词后缀;构成介词
initi,词根：开始
insul,【词根】岛
integr,【词根】整，全
intel,【前缀】在…之间
inter,/ in5tE:/vt.埋葬， 葬， 埋【前缀】在……中间
intim,词根：inmost（内心的）
intr,【词根】内
intra,【计】 节点内【前缀】在内，内部
intro,简介【前缀】在内，进入
iod,词根：碘
ion,/ 5aiEn/n.离子【后缀】表示抽象名词
ior,【后缀】名词后缀;形容词后缀
ious,后缀：富含....的，具有…性质的
iqu,词根：相同，相同
ique,【后缀】表示抽象名词
ir,【前缀】不，非，无；向内，进入，朝
irr,词根：anger生气
is,前缀：相等的  
ise,【后缀】动词后缀，同-ize
ish,【后缀】形容词后缀;动词后缀
isl,词根：岛
ism,n. 主义， 学说， 制度【后缀】名词后缀，表示主义等
iso,【前缀】相等的
isol,词根：island（岛）
ist,【后缀】表示“人”
ister,后缀：名词后缀，表示“人”
isthm,词根：narrow  pass（狭道）
istic,后缀：表形容词，由-ist+ic构成，表示“…的”
istical,后缀：形容词后缀，表示“…论的”
it,/ it/  它【词根】走
ite,【词根】走【后缀】名词后缀;形容词后缀;动词后缀
itic,后缀：形容词后缀，表示“似…的”
ities,后缀:构成名词，表示“性质”，“状态”，“程度”
ition,后缀：表抽象名词，“行为过程，状态”
itious,后缀：表形容词，-ition变化而来，表示“…的”
itis,后缀:构成名词，表示“炎症”，“发炎”等
itive,后缀：表形容词，“…的”
itor,后缀：表名词，“人”
itous,后缀：形容词后缀，表示“属于…的”
itude,【后缀】表示抽象名词
ity,【后缀】表示抽象名词
ium,【后缀】表示抽象名词
ive,【后缀】形容词后缀;名词后缀
ivity,后缀：表名词，由-ive+ity组成，“有…能力或特性”
ivor,词根：象牙
ization,后缀：表名词，来自-ize+ation，'…化'或'发展过程'
ize,【后缀】表示“使成…状态”、“使…化”等
jac,【词根】投掷，扔
jacul,词根：javelin（标枪）
jan,词根：门
jeal,词根：热心，寻求，要求，想要
jec,词根：投掷；放
ject,【词根】投掷，扔
jet,v.  喷出， 射出【词根】投掷，扔
jew,n.  犹太人【词根】说，说笑，玩
joc,词根：表示“笑话”
join,/ dVRin/v.参加，加入【词根】加入，结合，连接
jok,词根：说，说笑，玩
joll,词根：judge，law评判，法律；joke快活，喜悦
jour,n. 杂志，学报；日记账 词根：日，一天
journ,【词根】日期，日，发光
jov,词根：朱庇特主神；木星；欢乐、祥和
ju,词根：判断；审判
jubil,词根：shout of  joy（欢呼）
jud,词根：判断
judg,词根：判断
judic,词根：判断
judice,词根：判断
jug,n.  水壶【词根】说，说笑，玩
jun,词根：年少，年轻
junc,词根：加入;增加;联合
junct,【词根】加入；连接
jur,【词根】发誓；法津
jure,【词根】发誓；法津
juris,【法】 权力的， 法律的【词根】法律；正当的
jus,n.  法 【词根】法律，公正，判断
just,adj.正义的， 公正的， 正确的【词根】法律；正当的
juv,词根：年少，年轻
juven,【词根】年轻的
juxta,前缀：接近
kilo,/ 5kilEu/  n.千克；公斤【前缀】千
kin,n.亲戚， 同族， 血缘关系【后缀】表小称或“缩小”
kine,n. 雌牛 词根：活动
kinemat,词根：move运动
kines,词根：move运动
kinet,词根：move运动
kitch,词根：烹，调，使熟
klept,词根：盗窃
kn,词根：夹，挤，压
la,词根：人；人类
lab,/ lAb/n.实验室。词根：抓；松，滑
labi,词根：唇
labo,【词根】工作
labor,/ 5leibE/  n.&v.(=labour)工作【词根】工作
labour,vi. 劳动；分娩【词根】做
lac,/ lAk/ n. 紫胶， 十万， 许多【词根】牛奶
lacer,n. 胶带接合机词根：torn（撕开）
lact,【词根】牛奶；乳汁
lacto,词根：milk乳
lag,n.  落后【词根】湖
lak,词根：湖
lamell,词根：薄片，层
lamin,词根：薄片，层
lanc,词根：瘦长的；矛，枪；投掷，抛
land,n. 国土；陆地【词根】土地
lang,【词根】舌头；语言
langu,【词根】舌头；语言
lap,/ lAp/n.腰以下到膝部分：大腿。词根：松，滑
lapi,词根：石头
lapid,词根：石头
lapil,词根：石头
laps,【词根】滑；滑行
lapse,n. 失效；流逝【词根】滑落
larg,词根：大，丰富
laryng,词根：咽喉
las,词根：轨迹，跑道
lass,/ lAs/n. 小女孩，少女； 情人【词根】倦
lat,【词根】拿出，带出
late,/ leit/adv. 晚；迟；最近  【词根】拿出，带出
later,/ 5leItE/a. 更迟的，后面的;【词根】边；侧面
latr,词根：崇拜
latry,词根：崇拜
lau,【词根】洗
launc,词根：投；抛；掷
laund,【词根】洗
lav,n. 盥洗室， 厕所， 洗手间， 洗脸盆【词根】洗
law,n. 法律；规律【词根】法律，放
lax,adj.松的， 松懈的， 不严格的【词根】放松；松开
lay,vt. 躺下；产卵；搁放【词根】放
laz,词根：拖，拖延
le,【后缀】动词后缀;名词后缀
leag,【词根】绑，捆，束
lear,词根：轨迹，跑道
leas,词根：松
leav,词根：爱，关心
lec,词根：诱使entice
lect,【词根】选择；聚集；读；说
leg,/ leg/  腿【词根】选择；聚集；读；指定；送；法律
lega,词根：指定；任命；送
legis,词根：法律
leis,词根：合法
lem,词根：抓
len,词根：离开
lence,"后缀：名词后缀，表示“性质”，“状态”，“程度"""
lency,"后缀：名词后缀，表示“性质”，“状态”，“程度"""
leng,词根：长
lent,后缀:充满着  
leon,词根：狮子
lep,词根：鳞状物
lepsy,【后缀】发作
less,adj.(little的比较级)较小的【后缀】起功能转换作用
let,vi.出租【后缀】表小称或“缩小”【词根】诱使
leth,词根：oblivion（遗忘）
leuc,词根：白
leuk,词根：白
lev,【词根】提高;轻的；升
levi,【词根】提高；轻的
levo,词根：left左
lex,n.  法; 法律体系【词根】表示“词汇”
lg,词根：痛
li,词根：bind，tie捆，绑，束，结
lib,【词根】书
liber,n.书籍，登记册【词根】自由的
libert,词根：自由
libr,词根：表示“书”
lic,【词根】被允许；诱使
licen,词根：表示“允许”
lict,【词根】离开；遗留
lid,/ lid/ n. 盖子， 限制， 眼睑【词根】击，击打
lide,词根：打
lief,/ li:f/ ad. 欣喜， 宁愿a. 乐意的【词根】提高；轻的
liev,【词根】轻，上升，提起
lif,词根：剥落，折断，除去；生命，生存
lig,【词根】选择，收集，绑；诱使
lign,词根：线
like,vt.喜欢， 希望， 愿意【后缀】表形容词，“像…一样”
lim,"词根：表示""门槛，限制"""""
limin,【词根】门槛；界限
lin,词根：线
ling,/ liN/ n. 鳕鱼【后缀】名词后缀，表示“小”等
lingu,【词根】舌头；语言
linq,词根：离开
linqu,【词根】离开；遗留
lip,/ lip/ n. 唇， 口缘【词根】离开leave
lips,词根：离开
liqu,【词根】液体
lis,【法】 诉讼事件， 争执， 起诉【词根】击，击打
lite,adj. 清淡的 词根：岩石
liter,/ 5li:tE/  n.(容量单位)升【词根】字母；文字
lith,【词根】石头
litig,词根：法律
liv,词根：活；生命，生存
live,/ liv5 laiv/adj.活的， 生动的【词根】提高
liver,n.  肝脏【词根】自由
loc,【词根】地方
lock,n.  锁; 抱， 夹【后缀】由动词构成名词
loco,/ 5lEJkEJ/n. 火车头；疯子；疯草病【词根】地方
locu,词根：说话
locut,词根：说话
lof,词根：升起，举起；放松
loft,/ lRft/  n. 阁楼；顶楼；鸽房【词根】sky（天空）
log,/ lRg/n.原木，圆木【词根】说，读，学
logical,后缀：形容词后缀，表示“…学的”
logist,后缀:表示“…学家” 
logu,词根：说话
logue,词根：说话
logy,/ 'lEugi/ a. 迟缓的， 呆呆的【词根】~学；~论
long,adj. 长的；过长的【词根】长的【后缀】表示方向
loos,词根：松，分开
lop,v.  砍【词根】跳
loqu,词根：说话
los,词根：松，分开，分离
lot,n. 命运；一块地；一堆；抽签；份额。词根：洗
loung,词根：长
lov,词根：爱，关心
low,/ lEu/adj.低的;词根：放
lu,【词根】洗，流
lubr,词根：滑
lubric,词根：slip（滑）
luc,【词根】明亮的
lucr,词根：钱财
luct,【词根】斗争， 挣扎
lud,【词根】扮演；游戏
lude,【词根】扮演；游戏
lug,/ lQg/vt.用力拖拉 n. 支托；接线片【词根】悲伤
lum,【词根】光
lumb,词根：柔弱的，边缘，木材，沉重的坠落声
lumin,【词根】光
lun,【词根】月亮
lup,词根：wolf（狼）
lus,【词根】光；演戏
lust,n. 贪欲，欲望，色欲 【词根】明亮的
lustr,【词根】光
lut,词根：洗；松，分开，分离
luv,【词根】洗，冲洗，流
lux,词根：光，弯，转，缠绕
ly,【后缀】形容词后缀;副词后缀
lyr,词根：lute（笛子）
lys,【词根】分解
lyse,vt.vi. 溶解， 溶化【词根】放松；松开
lyst,【词根】裂开，分解
lyt,【词根】分解;放松
mac,n. 防水胶布， 雨衣， 老兄， 老弟【词根】薄的；瘦的
mach,n.  机器; 计算机【词根】表示“机器”
machin,n. 长尾猕猴，食蟹猴【词根】engine机器，机械
maci,词根：lean   (瘦)
macr,词根：long，big长，大宏
macro,n.宏，巨【前缀】大；长
macul,词根：spot  (斑点)
mag,词根：能，力，大，强力
magn,【词根】很大的
magnet,n.  磁铁【词根】磁
maha,词根：伟大的
main,/ mein/a.主要的【词根】停留；手
maj,【词根】很大的
mak,词根：揉，制，造，适合
mal,【医】 [疾]病【前缀】不舒服；与bene相反【词根】坏
male,a.男的，雄的 n.男子【前缀】恶、不良、失、不
mall,/ mR:l/n. 购物商场；林荫路【词根】hammer（锤子）
malle,词根：锤子
mamm,词根：乳房
mammo,词根：乳房
man,n. 人；男人【词根】停留；手【后缀】表示“人”
mancer,词根：占卜者
mancy,词根：占卜
mand,【词根】命令；委托
mania,/ 5meinjE/  n.狂热，癖好【词根】疯狂
manu,【词根】手
mar,/ mB:/vt. 损毁；损伤；糟蹋；玷污【词根】海
marc,/ mB:k/ n. 榨渣【词根】标志
marg,词根：记号，标记，边界
mari,【词根】海
marin,【词根】海
marit,词根：婚姻
mark,/ ma:k/n.记号；痕迹【词根】做记号；边界
mas,词根：男
masc,【词根】男人
mascul,词根：male（雄性）
mast,/ mB:st/ n. 桅， 桅杆， 杆【词根】乳房
mastic,/ 'mAstik/ n. 乳香；乳香脂；胶泥【词根】嚼
mat,n.  地席【词根】动
mater,n.  母亲; 妈妈【词根】母亲 
matern,词根：母亲
matr,词根：母亲
matri,词根：母亲
matur,词根：成熟，早
maun,"词根：表示“手”"""
max,n.  最大【词根】很大的
may,/ mei/n.aux. 可能。词根：能，力，大，强力
maz,词根：乳房；迷惑
me,/ mi:， mi/  我(宾格)。【词根】走;模式;量度;医治;妈
mea,词根：草;经过
meal,n.  膳食【后缀】表示一次所取之量或部分 
meas,【词根】测量
mech,词根：表示“机器”
mechan,【词根】机器
med,【词根】治疗【前缀】=mid中间
medi,【词根】中间的
medic,n. 医学工作者，医科学生【词根】heal医疗，治疗，康复
medit,词根：ponder（思考）
medl,词根：mic（混合）
meg,词根：大
mega,【计】 兆; 百万【词根】大【前缀】百万，兆
megal,词根：enormous特大
megalo,词根：巨大
mel,词根：磨，碾，软;坏，恶，不良，苹果
melan,【词根】黑色的
melior,词根：better（更好）
mell,词根：honey（蜜）
mem,【词根】记忆
memb,【词根】记忆
member,/ 5membE/  成员【词根】memnory记忆
memor,【词根】记得
men,/ men/  n. 男人，人类（man的复数）【词根】月;引导
mend,/ mend/v.修理，修补【词根】改错;命令；委托
mendic,词根：beg（乞讨）
mens,【医】 精神， 意志【词根】月；测量
ment,【词根】思考；心智;记忆【后缀】表示抽象名词
mer,词根：闪现，光线；海，水池
merc,【词根】贸易；报酬
merch,【词根】贸易；报酬
merg,【词根】沉，没
merge,/ mE:dV/v.合并，结合，融合【词根】沉浸；浸泡
meri,词根：中间
merit,/ 'merit/ n. 优点， 功绩， 价值【词根】应得;获得
mers,【词根】沉浸；浸泡
merse,词根：海；沉，浸
mes,词根：中间 
meso,词根：中间 
mess,/ mes/ n. 食堂， 伙食， 用膳【词根】：送；投；掷
met,/ met/（meet得过去式）遇见【前缀】中间，中位，转
meta,【计】 元的【前缀】超；在…之中
meter,/ 5mi:tE/n.米， 公尺， 计， 表， 【词根】测量
metr,【词根】测量
metro,n.地下铁道 【前缀】表示“测量，度量”之义
metry,后缀：表示“测量(学)”，“度量(学)”，“测量法”
mezz,词根：一半
micro,"【计】 表示""小""，""微""【前缀】小，微量，百万分之一"
mid,/ mid/prep.在…中间，a.中央的【前缀】中间
mids,【前缀】正中的
migr,【词根】移动；流浪
migra,【词根】移动；流浪
mil,n.  密耳; 毫升【词根】磨，碾，软
milit,【词根】军人；打仗
mill,n.  磨坊; 磨臼【词根】千
milli,【计】 毫【前缀】千分之一
mim,词根：模仿imitate
min,【词根】突出；小的;伸
mind,n. 理智，精神；；记忆力【词根】记忆
ming,【词根】混合
mini,"adj. 微型的；袖珍的【词根】小的"
minis,词根：serve，manage服务，管理
mir,【词根】惊奇，惊异
mis,【词根】送；释放【前缀】坏，错误，否定
misc,【计】 杂类新闻组【词根】混合，混杂
misce,【词根】混合，混杂
miser,n.  守财奴【词根】表示“可怜的”
miso,【前缀】讨厌，厌恶
miss,n.过错， 避免， 失败， 小姐， 姑娘【词根】送；释放
mit,【词根】送；释放
mix,/ miks/n.混合【词根】混合
mne,词根：记得remember
mnem,词根：表示“记忆”
mnemon,【计】 记忆单元【词根】memnory记忆
mnes,词根：表示“记忆”
mo,词根：妈，母亲
mob,/ mRb/n.一伙人；一群暴徒【词根】移动
moc,词根：扮鬼脸；遮掩，作假
mod,a. 现代派的， 时髦的【词根】方式，模式，风度
mol,/ mEul/ n. 摩尔， 克分子【词根】饭；堆
moll,/ mRl/ n. 情妇， 妓女【词根】软
mom,n.  妈妈【词根】动
mon,等于Monday星期一【词根】劝告；吃【前缀】单一
mong,n. 杂种狗【词根】混合
monger,n.  商人， 贩子【后缀】商人，常用以构成复合词  
moni,词根：提醒；监视
monit,"词根：表示“警告”"""
mono,a. 单声道的【前缀】表示单一的意思
monstr,【词根】表示“显示”
mont,词根：山hill，rise
mony,【后缀】构成名词，表示“结果”，“情况”，“状态”
mor,/ mR:/ n. 粗腐殖质【词根】风俗，习俗
morb,词根：disease（病）
mord,词根：表示”咬“
morph,【计】 形态， 词态【词根】形状；形态
mors,词根：表示”咬“
mort,/ mR:t/ n. 通知猎物已死的号角声， 很多【词根】死亡
most,/ mEust/adj.最多的， 多数的【后缀】形容词后缀
mot,/ mEu]/n.警句【词根】移动
mount,/ maunt/n.乘用马， 衬纸， 山， 装配【词根】山；上升
mous,词根：鼠
mov,【词根】移动
muc,词根：粘，粘液
mucil,词根：粘，粘液
mud,/ mQd/n. 泥；烂泥；泥浆。词根：混乱的，粘液的，湿
mug,/ mQg/n. 杯子；脸；苦读者。词根：粘液的，湿，滑的
mult,【前缀】多的
multi,多【前缀】许多
mun,【词根】公共的;服务；吃
mund,词根：world世界
mune,词根：手；公共，服务
muni,词根：公共的
mur,【词根】墙壁
murd,词根：死，伤害，咬，擦
mus,词根：鼠；想；粘液的，湿，滑的；娱乐
muscl,词根：肌
muscul,词根：肌
mut,【词根】改变
my,/ mai/  我的【词根】muscle肌
myc,词根：真菌
myel,【医】 脊髓【词根】髓
myri,词根：一万，无数
myria,【前缀】万，无数
myst,【词根】神秘
n,【前缀】非；不
nai,词根：出生
naiss,词根：出生，产生
nak,词根：裸露
nam,词根：名
nano,词根：十亿分之一
nar,【词根】知道;鼻子
narc,词根：麻木;昏迷
narco,【词根】麻木
nas,【词根】鼻子
nasc,词根：出生
nat,【词根】出生；天生
nau,【词根】船
naus,词根：表示“船”
naut,"词根：表示“船”， 引申为“海员”"""
nav,【词根】船
nce,后缀:从一个地方  
nd,后缀:构成名词
ne,/ nei/ a. 原姓...的， 原名...的【前缀】新;非；不
nebul,【词根】云;雾
nec,词根：kill（杀）
necr,词根：die，corpse死，死尸
necro,【词根】死亡；死的
nect,【词根】绑；连接
neg,【词根】否认;非；不
negat,词根：deny（否认）
negr,【词根】黑
nei,【词根】附近
neigh,/ nei/ n. 马嘶声【词根】接近，近
neo,【计】 最新式【前缀】新，新近
nepho,前缀：云  
nephr,前缀：肾  
nepot,词根：侄子，外甥
nerv,【词根】神经
nes,词根：岛屿
ness,n. 海角【后缀】加在形容词之后，构成抽象名词
net,/ net/n.网  vt. 用网捕。词根：连接，绑，系，缝
neur,词根：表示“神经”
neuro,【词根】神经
neut,词根：中间，医药
neutr,【词根】两者都不；中
nex,【词根】绑；连接
nic,词根：毒
nigr,词根：黑
nigri,词根：黑
nihil,n.虚无，毫无价值之物【词根】什么也没有
nin,词根：九
nitr,词根：硝基； 氮
nitro,【词根】硝石
niv,词根：雪
noc,【词根】夜;伤害，毒
noct,【词根】夜晚
nois,词根：名字，说话；知道
nom,【词根】法则；标准；部分；名字
nomen,n.  第二名; 族名【词根】名字
nomi,词根：名字
nomin,【词根】名字
nomy,后缀：名词后缀，表示“学”
non,【前缀】非；不；无
nona,【医】 南欧嗜眠性脑炎【前缀】九
nonadeca,【前缀】十九
norm,/ nR:m/n.标准，准则【词根】规则；标准
nos,词根：鼻子
nost,词根：表示”家”
not,/ nRt/adv.不；不是的【词根】标示；记号；知道
nounc,词根：报告；讲话，说出
nounce,词根：报告；讲话，说出
nour,词根：滋养，养
nov,【词根】新的
novem,【前缀】九
now,/ nau/adv.现在;【词根】新
nown,词根：名字，说话；名声
nox,【词根】伤害；夜晚
nu,/ nju:/ n. 希腊字母第13字【词根】nod（点头）
nuc,词根：坚果，核
nucle,词根：核
nud,词根：裸露
nugator,词根：trifle（烦事）
nul,【词根】什么也没有
null,adj.无效力的， 无效的， 无价值的【词根】什么也没有
num,词根：分配，数，抓取
numer,【词根】数字；计算
numisma,词根：钱币
nunc,词根：讲话，说出
nunci,【词根】报告；说
nuncil,词根：speak说
nupt,词根：婚姻
nupti,词根：wedding（婚礼）
nur,词根：滋养，养
nurs,词根：滋养，营养
nurt,词根：滋养，营养
nutr,【词根】营养
nutri,【词根】营养
nutrit,【词根】营养
nym,词根：名
o,【前缀】对； 向； 相反； 反对
ob,【前缀】对； 向； 相反； 反对
obed,词根：obey（服从）
obes,词根：fat（肥）
obliv,词根：forget（忘记）
obsol,词根：decay（腐烂）
oc,【前缀】对； 向； 相反； 反对
ock,【后缀】表小称或“缩小”
oct,【前缀】八
octa,【前缀】八
octav,【前缀】八
octo,【前缀】八分
ocul,【词根】眼睛
oculo,词根：eye眼
od,n.自然力【词根】歌曲;路
ode,/ EJd/n.颂诗，赋【词根】歌曲；诗歌
odi,词根：hate（恨）
odont,词根：牙
odor,/ 5EudE/  n.气味【词根】气味；闻
odyn,词根：pain（痛）
of,/ Rv， Ev/  prep…….的【前缀】向
oid,【后缀】表示“像…的”，“似…的”
oidal,后缀：形容词后缀，表示“…形状的”
oint,词根：油
ol,【词根】滋养；气味，闻
ole,词根：oil（油）
olesc,词根：形成becoming，growing
oleum,/ 'EuliEm/ n. 发烟硫酸【词根】油
olfact,词根：scent（味）
olig,词根：少
oligo,词根：很少
oll,词根：neck（脖子）
ology,词根：学科
oma,后缀:表示“瘤”
ombro,【前缀】雨
omin,【词根】预兆
omni,【前缀】全部
omphal,词根：脐
on,/ Rn/  在…上面【后缀】表示人、物；构成物理学名词
one,n.  一; 一个人【后缀】表示“酮”
oneir,词根：dream梦
oner,词根：负担
onom,词根：名字
onto,/ 5Rntu/prep.在…上面；到…上面【词根】个体
onym,【医】 术语【词根】名字
oo,【词根】蛋；卵
oon,后缀：表名词，“人或物”
op,n.工作，操作【前缀】向;相对
oper,【词根】工作；做
ophi,词根：snake蛇
ophio,词根：蛇
ophthalm,前缀：眼  
opi,词根：视，光；观点
opin,【词根】看
opl,词根：armor（盔甲）
ops,词根：sight，light视，光
opt,/ Rpt/  v.选择【词根】选择；希望；眼睛；视力
optim,词根：表示“最好”
opto,【词根】眼睛；视力
or,/ R:， E/  conj.或者，还是【后缀】表示抽象名词
ora,【医】 缘， 口【词根】说；祷告
oram,词根：景
orama,词根：视力
orat,"词根：表示“嘴，说”"""
orb,/ R:b/ n. 球， 天体【词根】圆circle，track
orbit,n.  轨道， 眼眶【词根】圆 
ord,【词根】秩序，拼凑，适合，连接，接合
order,/ 5R:dE/  点菜【词根】秩序
ordin,【词根】秩序
org,词根：做，工作，功，工具
organ,n. 器官；机构；风琴【词根】身体
ori,【词根】太阳升起；上升；开始；起源
orig,"词根：表示“升起，开始”"""
orium,后缀：名词后缀，表示“地方、器具、工具、手段”
orn,【词根】装饰；使配备家具
orna,【词根】装饰；使配备家具
ornith,词根：bird（鸟）
ornitho,词根：鸟
oro,词根：口
orot,词根：洪亮的，圆润的
orph,词根：出去
ort,【词根】升起
orth,词根：直
ortho,【词根】直的；正确的；正
ory,【后缀】表性质、大小状况、状貌
os,/ Rs/ n. 骨， 孔， 穴裂口【词根】口， 嘴
oscill,词根：swing摆动
oscul,词根：kiss（吻）
ose,后缀：表形容词，“多…的”
osis,【后缀】构成名词
osity,后缀：表名词，ose+ity组成，表示“多…的状态”
oss,【词根】骨头
ost,词根：骨
oste,前缀：骨  
ostens,词根：appear（出现）
osteo,【词根】骨头
ostrac,词根：tile（瓦片）
ot,词根：表示“耳朵”
otic,后缀：形容词后缀，表示“状态的、作用的、过程的”等
ound,词根:wave(波浪)
our,/ 5auE/  我们的【后缀】表示抽象名词
ous,【后缀】表性质、大小状况、状貌
ously,后缀:副词，具有…性质的等
out,/ aut/prep. 向；离去 【前缀】超过；外，向外
ov,【词根】蛋；卵
ovari,词根：卵巢
over,/ 5EuvE/adv. 结束；越过【前缀】过度；在……上面
ovo,【医】 卵， 蛋【词根】卵，蛋
own,/ Eun/  自己的;词根：拥有
ox,【词根】氧
oxy,【词根】氧
pac,【词根】和平
pachy,词根：thick（厚）
paci,【词根】和平，平静
pact,/ pAkt/n.协定，条约【词根】同意；系紧
pad,/ pAd/n.垫子，便笺薄【词根】踏，走，去
paed,词根：child儿童
pag,词根：固定
paht,【词根】疾病，疗法
pair,【词根】产生，获得，准备，装配
pal,/ pAl/  n.(口)好朋友；同志。【词根】紧，固，约定
pale,/ peil/adj. 苍白的；无力的；暗淡的【词根】旧，古
paleo,词根：表示:”古，旧”
pali,词根：再次
pall,/ pR:l/ n. 棺罩，vi.  乏味【词根】苍白pale
palp,/ pAlp/ n. 触须， 须肢【词根】接触touch
pan,/ pAn/n.平底锅【词根】面包【前缀】全；所有的
pand,【词根】展开， 伸展，膨胀
pans,【词根】展开， 伸展
panto,n. 哑剧， 童话剧， 舞剧【前缀】全，每，所有的
pap,/ pAp/ n. 奶头， 乳头状物， 软食【词根】爸爸
par,n. 标准【词根】准备；相等的；出现；生【前缀】完全
para,n.  伞兵【前缀】表示“半，类似，辅助”等
pare,v.  剥， 修【词根】安排， 装配， 二
parl,【词根】说，谈
part,/ pa:t/n.部分， 局部， 零件， 角色【词根】部分；分开
parti,n.  理想配偶【词根】部分；分开
pass,n. 及格；经过；护照；途径【词根】通过；忍受
passi,【词根】受苦；感情
past,/ past/prep.(时间)超过【词根】食物，喂养，保护
pat,n.轻拍。【词根】忍受，感情，伤害;步，走步，伸
pater,n.  父亲【词根】父，祖
path,/ pa:W/n. 道路；小路；轨道【词根】受苦；感情
pathy,词根：受苦；感情
pati,词根：受苦；感情
patr,词根：父
patri,词根：父
patro,词根：父
paus,词根：停止
pay,/ pei/v.付钱；支付。【词根】紧，固，牢，约定
peac,词根：紧，固，牢，约定
pear,n. 梨树；梨子【词根】出现
peas,词根：和平的，同意的
peat,n. 泥煤，泥煤块【词根】追求，冲，飞
pec,【词根】斑点;自己
pecc,词根：惩罚，罪
pecu,词根：钱
ped,【词根】脚；小孩
pedi,词根：foot脚
pedo,词根：小孩
pel,【计】 象素【词根】驱动；驱赶【前缀】完全；彻底
pelag,词根：海
pen,n. 围栏， 钢笔， 作家【词根】处罚【前缀】几乎；近乎
pend,/ pend/ vi. 悬而未决， 待定【词根】悬挂；衡量
penn,词根：羽毛
pens,钢笔(复数)【词根】悬挂；衡量
pent,a. 被关禁的， 被关起来的n. 单斜顶棚【词根】道歉
penta,【前缀】五
peps,【词根】消化
pept,【词根】消化
per,/ pE:/  prep. 每；每一；按照【前缀】完全；彻底
peri,n. 美丽仙女【词根】通过；尝试【前缀】周围；环绕
pers,词根：个人，个人财产，特有的
pess,词根：毁灭，沉沦
pet,/ pet/vi.拥抱， 爱抚， 生气， 发脾气【词根】飞；寻求
petit,【法】 小的， 轻的【词根】寻求
petr,词根：石头
petri,词根：石头
petro,词根：石头
ph,词根：说
pha,词根：说
phag,【词根】吃
phage,n.  噬菌【词根】吃
phagia,后缀:表示“食”  
phall,词根：阴茎
phan,【医】 表象， 显象【词根】出现；显现
phant,词根：出现；显现
pharmac,词根：药
phas,词根：光，显示
phat,词根：光，显示
phe,【词根】声音；说
phem,词根：speech（讲话）
phen,词根：光，显示
pher,词根：bring（带来）
phil,【词根】爱
philo,【词根】爱
phlegma,词根：冷淡，痰
phob,【词根】怕
phobe,后缀:构成抽象名词，表示“恐惧”等  
phobia,n. 恐怖病，恐怖症【词根】恐惧
phon,/ fRn/ n. 方(响度级的单位)【词根】声音；说
phone,n.  电话; 听筒【后缀】表示“语言” 
phor,词根：表示“带来”
phoresis,后缀：表示“移动”，“传递”
phos,词根：光 
phosph,词根：磷，磷光
phot,n.  辐透【词根】光 
photo,/ 5fEutEu/  照片【词根】光
phras,词根：想
phren,【医】 膈， 精神， 意志【词根】心；精神
phu,词根：说say，speak
phy,词根：存在，生长，居住
phyl,词根：种族
phyll,词根：叶
phyllo,前缀：叶 
phylo,前缀：种族；民族；人种
phys,【词根】自然
physi,【词根】自然
phyt,【词根】植物
phyte,后缀:表示“…植物”  
pi,n. 圆周率【词根】忠诚，献身；神圣
pian,词根：轻柔
pico,词根：百万兆分之一
pict,【词根】绘画；图画
piec,词根：片，块，小
pig,/ pig/n.猪【词根】paint画，描绘
pil,【词根】毛发；柱【前缀】完全；彻底
pilf,词根：偷，掠夺
ping,/ piN/ n. 砰(子弹击中时的声音)【词根】fasten（系紧）
pinn,词根：羽毛
pir,【词根】通过;尝试;经历;试验，冒险
pisc,词根：表示“鱼”
pisci,词根：鱼
pit,/ pit/n. 矿井；深坑；陷阱。词根：肥，胀
pl,词根：充满；折
pla,【词根】平，伸展，宽;折
plac,【词根】取悦;高兴；镇定，安慰
plag,词根：悲，打击 
plagi,词根：歪，斜
plain,/ plein/  adj.平常的；普通的【词根】搥胸悲痛
plaint,/ pleint /n. 感叹；诉苦；悲叹【词根】搥胸悲痛
plais,词根：安慰
plan,n. 计划；平面图【词根】平易，简单
plani,词根：flat，clear平坦，清楚
plant,/ pla:nt/vt. 种植；培养；栽培【词根】植物；种植
plas,【词根】形成
plasm,后缀:表示“形成物”等意义的复合用语  
plasma,后缀：名词后缀，表示“形状物”
plast,【词根】形成
plat,n.  辫子【词根】平，伸展，宽
plaud,【词根】打击；拍手
plaus,词根：拍手，鼓掌
ple,【词根】使充满；充满的；折叠
pleas,【词根】取悦
pleb,词根：people（人们）
pledg,词根：参加，保证
pleg,词根：麻痹
plen,【词根】使充满；充满的
plent,词根：充满，完全
pleo,词根：plenty多
plet,【词根】充满
plete,【词根】使充满；充满的
pleth,词根：crowdx（挤，多）
plex,【计】 丛【词根】重叠，重
pli,【词根】使充满；充满的；折叠
plic,【词根】使充满；充满的；折叠
plo,【词根】折
plod,n. 沉重的步伐，辛勤工作 【词根】大声
plode,【词根】打击；拍手
ploit,词根：use使用
plor,【词根】流出；流泪
plore,【词根】流出；流泪
plos,【词根】爆炸
ploy,n. 活动(手法)【词根】折叠；使充满；充满的
plu,词根：更多的;满
plum,/ plQm/n. 李子；梅子；洋李【词根】feather（羽毛）
plur,【词根】更多的
plus,/ plQs/  加上【词根】更多的
plut,词根：财富 
pluto,n. 冥王；冥王星【词根】财
ply,vt.（娴熟地）使用【词根】折叠；使充满；充满的
pne,词根：肺；呼吸
pnea,后缀：名词后缀，表示“呼吸”
pneum,【词根】呼吸；肺
pneuma,n.  精神; 灵魂【词根】呼吸；肺
pneumon,【词根】呼吸；肺
po,词根：小，少
pock,/ pRk/ n. 痘疮， 麻子【词根】袋
pod,/ pRd/n.蚕茧；豆荚 v.剥掉(豆荚)【词根】脚
poe,词根：做诗，创造
point,vi. 表明；指向 n. 要点【词根】刺;(突出之)点
pois,词根：喝
pol,【词根】柱；城市，国家，政治
pold,词根：表示“大声音”
poli,【词根】都市；国家
polic,【词根】都市；国家
polis,古希腊城邦【词根】城市
polit,【词根】都市；国家
politic,a. 精明的，圆滑的，慎重的【词根】politice政治
poly,n.  多【前缀】许多
pom,n. 波美拉尼亚种小狗， 砰的一声【词根】水果， 苹果
pon,【词根】放
pond,n. 池塘【词根】 围，圈；悬挂
pont,词根：桥
pop,n.  砰的一声【词根】民众；人
popul,【词根】民众；人
porc,词根：表示“猪”
port,n.港口， 舱门， 左舷， 避风港【词根】运送;大门;部分
portat,词根：运
portion,/ 'pR:FEn/ vt. 分配【词根】分配share
portun,【词根】大门
pos,【词根】放；力量，能力，能
posit,v. 假定，认为【词根】put放，放置
poss,可能的【词根】能力
post,/ pEust/n.邮件，邮政，邮寄【前缀】在……后面；在后
poster,/ 5pEustE/n. 海报，广告；招贴【词根】后
postul,词根：demand（要求）
pot,/ pRt/n. 罐；壶；盆；锅【词根】喝；力量，能力，能
potam,词根：江 
poten,词根：表示“有力的”
potent,/ 5pEutEnt/  a.(药等)有效力的【词根】能，强有力的
poul,词根：鸟，飞禽
pound,/ paund/n.磅， 英镑， 重击， 鱼塘【词根】放
pover,词根：贫穷的poor
pow,n.脑袋，乒【词根】强大的；有…能力的
pr,【前缀】为了…；代替…；赞成…
pract,【词根】做
prag,词根：行动，动作，做，作
pragm,【词根】做
prais,【词根】价格；价值
prav,词根：正确
pre,【前缀】超过；在……前面；前面
prec,【词根】价值，价格，交易，卖
preci,词根：价值，价格
pred,【词根】抢夺，掠夺；战利品
preda,【词根】捕食；掠夺词根：
pregn,词根：拿住
prehend,【词根】抓住，掌握
prehens,【词根】抓住，掌握
prem,【词根】第一的
presby,词根：老
press,/ pres/n.压， 按， 印刷， 压力， 拥挤【词根】压
pret,词根：价值，价格，交易，卖
preter,【前缀】表示“超过”之义
pri,词根：前，早，通过
pric,词根：价值，价格，交易，卖
prim,/ prim/adj.整洁的，一本正经的【词根】第一的
prime,n.  最初， 初期【词根】第一的
prin,【词根】第一的;前
pris,【词根】抓住
priv,【词根】私人的；自己；剥脱
priz,词根：价值，价格，交易，卖
pro,adv.赞成的观点（常用复数形式）【前缀】向前；前面
proach,【词根】接近
prob,【词根】测验；试验;检查
prol,词根：表示“后代，子孙”
proli,词根：offspring后裔，子孙
proof,n. 证据；证物；证明【后缀】表示防...的，不透...的
prop,词根：自己的
proper,adj.合适的，适宜的【词根】适当的；自己的
propr,词根：自已；拥有；恰当的
propri,【词根】适当的；自己的
pros,前缀：“向”，“靠近”;“在前面”，“此外”
prot,【前缀】最…的；最初的；原始的；pro的最高级
prote,前缀： 蛋白
proter,前缀：先  
proto,【计】 原型， 样机【前缀】最…的；最初的；原始的
prov,【词根】测验；试验；检查
prox,词根：接近near
proxim,【词根】接近
pseud,【前缀】假的
pseudo,adj.假的【前缀】假的
psych,/ saik/ vt. 精神分析治疗， 【词根】灵魂；心智
psycho,"a. 心理学上的 
n. 心理学【词根】灵魂；心智"
pter,词根：翅
pto,【词根】落下
ptosis,后缀：名词后缀，表示“下垂”
pu,词根：小，少
pub,/ pQb/ n. 酒馆， 客栈【词根】成熟的；软毛的
publ,【词根】民众；人
pud,/ pQd/ n. (小孩的)手， 前脚【词根】感到羞愧
pudi,词根：感到羞耻
puer,词根：boy（男孩）
pugn,【词根】打架；争吵
pul,词根：粉
pulchr,词根：美丽
puls,【词根】驱动；驱赶
pulse,后缀：名词后缀，表示“推”
pulver,词根：dust（灰尘    ）
pun,/ pQn/n.双关语【词根】处罚
punc,词根：尖
punct,【词根】刺;(突出之)点
pung,/ pQN/ n. 箱型雪橇【词根】尖
pur,【词根】纯粹的【前缀】为了…；代替…；赞成…
purg,"【词根】表示""纯洁"""""
purs,词根：钱包
pus,n. 脓；脓汁【词根】脚
pusill,词根：mean（卑微的）
put,/ put/vt. 放；表达；移动；安置；赋予【词根】想
putat,词根：考虑
pute,a. 单纯的【词根】想
putr,词根：表示“腐烂”
pyr,【词根】火
pyro,/ 'pairEu/ n. 焦酚【词根】火
qua,adv.  以...的资格; 作为...【词根】多少，什么
quad,词根：四
quadr,【前缀】四
quadri,【前缀】四
quadru,【前缀】四
quaint,/ kweint/  a.离奇的；有奇趣的【词根】知道
qual,【词根】质量
quant,n. 船桨；数量分析专家；【词根】数量
quar,【词根】四
quarant,词根：forty（四十）
quart,n.  夸脱【词根】四
quasi,/ 5kwB:zi:/  a.半，准【前缀】类似，准
quer,【词根】抱怨;问
ques,词根：询问，寻求
quest,/ kwest/n.寻求【词根】寻求;问
queu,词根：尾，后边；跟随
qui,【词根】冷静的；休息
quie,词根：静
quiet,/ 5kwaiEt/  文静的【词根】rest静
quil,【词根】冷静的；休息
quin,【前缀】五
quinqu,【前缀】五
quint,/ kwint/ n. 五度音程， 五胞胎之一【前缀】五
quinti,【前缀】五
quip,n.  警句【词根】船
quir,【词根】问
quire,n. 纸的一刀【化】 刀【词根】寻求
quis,【词根】问，寻求
quisit,【词根】问，寻求
quit,/ kwit/vt.离开，退出；停止【词根】免除；释放
quo,词根：多少，什么
quot,词根：说；引证，分配
rab,词根：rage（怒）
rabor,词根：表示“力量”
rac,词根：种族，开始，起源
rachi,词根：脊椎(骨)
rad,【词根】刮掉；擦去;剃；辐条
radi,【词根】根；光线
radic,【词根】根
radio,/ 5reidiEu/  n.收音机【前缀】放射、无线电、径向
rag,/ rAg/n.破布，碎布，抹布。词根：破碎，拆散，挖出
rage,n.  狂怒【词根】表示“疯狂”
ram,/ rAm/n.公羊， 撞锤【词根】branch（枝）
rang,v. 包围；成环形（ring的过去式）【词根】排列
range,/ reindV/vi.平行， 延伸， 漫游【词根】排列
rans,前缀：1、横过，越过2、变换，改变，转移
rap,/ rAp/n.（美）（由电子乐器伴奏的）【词根】夺取
rapt,adj.  全神贯注的【词根】抓，捕，夺
rar,【词根】稀，混，煮
ras,【词根】刮掉；擦去
rat,/ rAt/n.鼠【词根】理由；理性；断定；计算
ratio,/ 5reiFiEu/  n.比(率)【词根】理由；理性；断定
rav,【词根】捕，夺
raw,/ rR:/a.未经加工的；词根：粗。
raz,【词根】刮掉；擦去；剃
re,prep. 关于n. 不动产， 房地产【前缀】重新
real,/ riEl/a.真正的；真实的【词根】现实
rec,词根：直的，使变直
rect,【词根】统治，规定，正，直
recti,n.  直肌【词根】变直
red,/ red/  红色(的)【前缀】再次；反复
reg,【词根】统治；国王
regn,词根：reign（ 王朝）
regul,【词根】规律
reig,词根：统治；王
remn,词根：remain（留下）
ren,【前缀】肾
rend,v. 分裂，劈开，强夺【词根】给
rept,【词根】爬行
ress,后缀：表名词，指“女性”，指“物品”
rest,/ rest/n.休息【词根】stay（停留）
ret,/ ret/ vt. 沤软【词根】网
reti,词根：net网
retic,词根：silent（安静）
reticul,词根：net网
retro,【前缀】后退
rever,词根：awe（敬畏）
rhe,词根：flow（流）
rheo,【词根】流动 
rhin,【词根】鼻子
rhiz,【前缀】根 
rhizo,词根：根
rhod,【前缀】玫瑰花 
rhy,词根：流
ric,前缀：指职位，管辖区 
rid,/ rid/v.使摆脱【词根】笑
ridi,词根：笑
rig,/ rig/n. 装备；钻探设备；服装【词根】统治；正直
righ,词根：统治，规定，正，直
right,n.  权利， 正义【词根】统治，规定，正，直
ris,【词根】笑
risi,【词根】笑
rit,【词根】刺
riv,【词根】划，撕，切割
rix,后缀：表示女性
rob,v.  抢劫， 盗取【词根】破，断，裂，抢;力量
robor,词根：strengh力量
rod,/ rRd/n.杆，竿【词根】咬；询问；要求
rog,【词根】问
roga,【词根】问
rol,词根：圆
rom,词根：罗马，浪漫
rop,词根：划，撕，切割
ros,【词根】咬
rostr,词根：鸟嘴；船首
rot,/ rRt/vi.腐烂；堕落【词根】轮子；旋转
rous,词根：唤醒
rrhag,词根：破裂
rrhage,词根：流出，出血，溢流
rrhea,【词根】流
rub,/ rQb/v.摩，擦【词根】红
rud,【词根】天然的；粗糙的
rug,/ rQg/n.小地毯；毛毯。词根：皱;破碎，拆散，挖出
rupt,【词根】破裂
rur,【词根】乡下
rus,【词根】乡下
rust,/ rQst/n.铁锈v.(使)生锈【词根】乡村
ry,【后缀】表总称或集合概念
s,【后缀】副词后缀，表示时间、地点、方式、状态
sab,词根：刀；割断，使分离
sacchar,词根：sugar（糖）
sacr,【词根】神圣的
saf,词根：安全，整，救助
sag,/ sA^/v.松弛， 下陷， 下垂【词根】聪明，知道；品尝
saint,词根：神圣的
sak,词根：找出
sal,/ sB:l/ n. 婆罗双树， 盐【词根】盐；跳；健全的
salu,词根：安全， 健全的
salub,词根：health健全，健康
salut,词根：health健全，健康
salv,词根：表示“救助”
sam,词根：同，一，相似
san,【词根】健全的
sanat,词根：taste（味道）
sanc,词根：神圣的
sanct,词根：神圣的
sangu,【词根】血
sangui,【词根】血
sanguin,【词根】血
sanit,"词根：表示“健康的”"""
sap,n.树液， 体液， 活力， 坑道【词根】聪明；品尝;知道
sarc,词根：肉 
sarco,词根：肉
sat,sit的过去式【词根】充满的;满足
sati,"词根：表示“足够，饱足”"""
satis,【词根】充满的
satur,"词根：表示“足够，饱足”"""
sauc,词根：盐；味道
saul,词根：跳
saur,词根：蜥蜴
sav,词根：安全，整，救助
sc,准词根：切；看
scal,【词根】爬；攀登；切，分
scan,/ skAn/  vt. 浏览；细看；反复察看【词根】爬；攀登
scap,词根：切割，刮，劈，砍，挖
scape,n.  花茎; 羽轴; 触角根; 柱身【后缀】景观
scen,词根：老
scend,n.波浪的推动力【词根】爬；攀登
scens,【词根】爬
scent,n.  气味， 香味【词根】爬
sch,词根：切割；保持，抓，暂停
schis,词根：裂开， 劈开
schiz,词根：裂开， 劈开
schol,【词根】学
sci,【词根】知道
scien,词根：知道
scind,词根：切割cut
scintill,词根：火花
scis,词根：切割cut
scler,词根：stiff硬;巩膜
sclero,词根：硬
scoi,【词根】同伴，社会；联想
scop,n.  吟游诗人【词根】看
scope,n.  范围， 广度， 机会【词根】看
scopy,后缀：名词后缀，表示“看或观察的行为”
scor,词根：切割，刻
scrap,/ skrAp/  n.小片，碎片 vt.废弃【词根】cut切，割
scrib,词根：写
scribe,书法家v. 划线【词根】写
script,n. 脚本；手迹【词根】写
scrut,词根：检查，调查
scue,【词根】安全；脱出，拉开
scul,词根：切分
sculp,词根：雕刻；切开
scur,词根：遮盖
scut,/ skQt/ n. 短尾， 可鄙的家伙【词根】盾
se,【前缀】分离；离开
sec,adj.  无甜味的【词根】跟随；切割
secr,【词根】神
sect,n. 宗派，教派； 学派，党派【词根】切割
secu,【词根】跟随
secut,【词根】跟随
sed,【词根】坐；分开，离开，独
seg,词根：表示切， 割
segn,词根：标记，记号
sel,词根：取，抓
selen,词根：月亮
sem,词根：同，一，相似
sembl,【词根】类似的；相同的
semei,词根：symptom症状，符号
semi,pref.半(大学英语25)【前缀】半
semin,【词根】种子
sen,n.  钱; 仙【词根】老的；存在
sence,词根：存在
sens,【词根】感觉到
sent,v. 送，寄出 vbl. 送，寄出【词根】感觉；存在
seps,词根：腐烂
sept,/ sept/ n. 氏族【前缀】七【词根】腐烂
septem,【前缀】七
septi,【前缀】七
septim,【前缀】七
sequ,【词根】跟随
ser,词根：连接，安排
serf,n. 农奴，奴隶【词根】serve，slave服侍，服务，奴
seric,词根：丝绸；产丝绸的地方
serr,词根：表示“锯子”
sert,【词根】加入，插入，连接，安排；服务，奴隶
serv,【词根】服务；保存
ses,词根：六
sesqui,【前缀】表示“一个半”之义
sess,【法】 税， 税率【词根】坐
set,/ set/v.放， 置， 移动到。词根：坐，走，放；坐
sev,词根：刀；割断，使分离
sever,/ 5sevE(r)/vt. 割断，断绝；分开【词根】诚恳
sex,/ seks/n.性别【前缀】六；性
sext,/ sekst/ n. 第六时祷告仪式【前缀】六
sh,"后缀：动词后缀，表示“拟声动作""等"
shad,/ FAd/ n. 西鲱【词根】遮光，阴暗
shak,词根：摇，搅，迅速，移动
shap,词根：切割，刮，劈，砍，挖
shar,词根：切割
shav,词根：切割，刮，劈，砍，挖
shel,词根：切分
ship,/ Fip/n. 船；舰；太空船【后缀】表示抽象名词
shor,词根：切割
shov,词根：推
si,词根：停止，安顿，安静
sibil,词根：hiss（咝咝声）
sicc,词根：干燥
sid,【词根】坐
sider,词根：星星，考虑，关心，认为
sie,词根：坐
siev,词根：倒，筛，滴
sif,词根：倒，筛，滴
sig,词根：跟随;记号，信号
sign,/ sain/  v.签名【词根】记号
signi,词根：记号，符号
sil,词根：跳；安全，整，救助
silic,词根：硅；打火石
silv,词根：森林；银
sim,【前缀】单一；一个接一个【词根】相似
simil,【词根】类似的；相同的
simpl,【词根】单
simul,词根：相似，相同
sine,n.  正弦【前缀】无  
sing,vi. 唱歌；歌颂【词根】单
sinic,词根：中国
sino,前缀：中国
sinu,【词根】弯曲
sion,【后缀】用以构成名词
sip,n. 抿；小口喝；vi. 啜饮【词根】喝，吸;聪明；品尝
sis,后缀：表示“过程”，“状态”，“动作”
sist,【词根】站
sit,/ sit/v.坐。【词根】坐，走，放；坐
sito,词根：食物 
sk,词根：看，切，保持，抓，暂停;光滑
skep,/ skep/ n. 篮子， 蜂箱【词根】看， 想
skept,词根：看，观察
skir,词根：切割
sl,词根：松慢;细长;滑
sla,词根：敲击；杀死
slav,词根：服务，保护，保存
sleev,词根：滑
sli,词根：滑
slo,词根：慢的；迟钝的
slout,词根：loosen松开，解开
sman,【后缀】表示“人”
smok,词根：烟
sn,词根：鼻子，咬
snak,词根：爬行
snor,词根：呼吸
soc,"词根：表示""同伴""，引申为""社会"""";跟随"
soci,"【词根】连接；表示""同伴""，引申为""社会"""""
socio,词根：社会，团体
sol,【词根】单独的;太阳；解
solid,/ 'sRlid/ n. 固体a. 坚硬的【词根】牢固firm，whole
solu,词根：松开
solut,词根：松开
solv,词根：松开
som,词根：身体；同，一，相似
somat,词根：体，躯体
some,adj. 一些；某一；大约【后缀】表性质、大小状况
somn,【词根】睡
somni,前缀：表示“睡眠”之义
somno,词根：sleep睡眠
son,/ sQn/n.儿子【词根】声音
sonde,后缀：名词后缀，表示“探测器”
soph,【词根】聪明的；智慧
sopr,前缀：超级的
sor,词根：疼痛，病
soror,词根：姐妹
sorpt,词根：吸收
sort,vt. 将事物分类；整理【词根】连接，安排;种类，出现
sove,【前缀】特级的;过分
sp,【词根】看；嘴
spa,n.矿泉，温泉浴场。【词根】繁荣，希望，旺盛，伸
spair,【词根】希望
spars,词根：散，撒，分
spe,词根：繁荣，希望，旺盛，伸
spec,n. 投机， 投机事业， 规格【词根】看，外观，种类
speci,"词根：表示“外观，种类”"""
spect,【词根】看
spectr,词根：光谱
specul,词根：look看
sper,【词根】繁荣，希望，旺盛，伸
spermat,词根：sperm精子，精液
spers,【词根】散，撒，分
spher,【词根】球
sphere,n.  球; 球形【词根】球
sphygm,词根：sphygmus脉博
spi,【词根】看
spic,【词根】看
spin,/ spin/  vi. 旋转；纺纱；吐丝；晕眩【词根】刺
spir,【词根】呼吸
spirat,词根：呼吸
spl,词根：喷开、裂开
splen,【医】 脾【词根】脾
splend,【词根】发光
spon,词根：承诺
spond,【词根】保证;答应，约定
spong,词根：海绵
spons,"词根：表示“承诺”"""
sponse,【词根】保证
spor,词根：spore孢子
spous,词根：保证，约定
spr,词根：喷洒，散射
spri,词根：精神
squ,词根：挤压
st,【词根】站
sta,【词根】站
stab,n.  刺， 伤心【词根】站
stag,"a. 只准男子参加的 
n. 牡鹿【词根】stand站立"
stagn,词根：stand站立
stak,词根：钉，杆，棒
stal,词根：站
stall,n. 货摊；畜栏【词根】站;放
stam,词根：站;阻止
stan,词根：站
stand,n.  站立; 停止; 立定【词根】站
stann,词根：stannum锡
stant,【词根】站
stas,【词根】站
stat,【电】 静【词根】站
state,n.  状况， 状态; 形势【词根】说
ste,词根：推，敲，打，突出
stead,n.  代替; 用处【词根】站
stell,【词根】星星
sten,词根：narrow，little狭窄，少
steno,n. 速记员， 速记， 速记法【词根】狭小
step,n.脚步；步骤；措施【前缀】同父异母的；继的
ster,【后缀】表示“人”
stereo,n.立体声收音机【词根】固体的；立体的
stern,/ stE:n/  a.严厉的，严格的【词根】胸(骨)；僵硬的
stetho,词根：chest（胸）
sti,词根：剌，尖
stif,词根：压缩，紧密，硬
stig,词根：发恶臭
stige,词根：舞台
stigm,词根：表示“标志，斑点”
stil,词根：drop滴
still,/ stil/  adv.还是；还；仍然【词根】滴下
stim,【词根】刺
stimul,词根：表示”刺，刺激“
stin,"词根：表示“站，立”"""
stinct,【词根】刺
sting,/ stiN/  n. 刺痛；讽刺，刺激 【词根】刺
stip,词根：一起按压
stirain,词根：表示“拉紧”
stit,【词根】站
stitu,词根：place，establish放，建立
stitut,词根：表示”建立，放“
stitute,词根：固定的，不动的，静止的；建立
sto,词根：推，敲，打，突出
stom,【词根】嘴
stomat,词根：mouth口
ston,词根：压缩，紧密，硬
stor,词根：站
stov,词根：堆垛，藏
str,词根：拉扯，拉紧，扯紧
strain,/ 5strein/  vi.尽力，使劲【词根】拉紧
strang,【词根】拉紧
strat,词根：表示“扩散”，引申为“层次”
strato,【词根】层云;延伸；扩张
strea,词根：流
stren,词根：严格的；僵硬的rigid
streng,词根：拉，拉紧，压，击打;强壮的
strept,词根：铰链
stress,/ stres/  v. 加压力于；使紧张【词根】拉紧
strict,/ strikt/ adj. 严格的；绝对的【词根】拉
strid,stride的过去分词【词根】contend竞争
strif,词根：contend竞争
strik,词根：拉，拉紧，压，击打
string,/ striN/  n.线;细绳【词根】拉紧
striv,词根：contend竞争
stroph,【词根】转动
strophe,n.  希腊歌队唱的歌， 诗节【词根】转动
stru,【词根】建造；堆积
struct,【词根】建造；堆积
stry,词根：建造
stu,词根：推，敲，打，突出
stup,词根：笨，麻木
styl,词根：文体，风格，式样;尖（头）的，茎突
stylo,词根：尖(头)的，茎突
su,前缀：用于sp 母前= sub(在…下方)
sua,词根：劝告
suad,【词根】甜，愉快;劝告
suade,【词根】甜，愉快;劝告
suas,【词根】甜，愉快;劝告
suav,【词根】甜，愉快;劝告
sub,n. 地铁，潜艇，替补队员 【前缀】次，亚；在…下面，低
subter,前缀：少于  
suc,【前缀】在…...下面，低，次，亚
succ,词根：juice（果汁）
sud,词根：sweat（汗）
sue,/ sju:/vt.控告， 向...请求， 请愿。词根：跟随
suf,【计】 后的【前缀】在…...下面，低，次，亚
sug,【前缀】下；次
sui,词根：自已，自我
sul,词根：取，抓；跳
sulf,词根：硫代，磺基
sulph,词根：硫代，磺基
sult,【词根】跳
sum,/ sQm/n.总数， 和， 金额【前缀】下；次【词根】集结
sume,【词根】拿
summ,【词根】概要；最高的
sump,n.  污水坑， 池， 水坑【词根】拿，取
sumpt,词根：拿，取
sumptu,词根：expense（花费）
sup,/ sQp/vi.啜饮【前缀】在…...下面，低，次，亚
super,/ 5sju:pE/  太棒了【前缀】超过；在上
supr,词根：上
supra,adv.  在上; 在前【前缀】在……之上
supre,前缀：无上  
sur,【词根】确定的；安全的【前缀】在下面，超过
surg,词根：表示“升起”
surge,/ sE:dV/vi 汹涌，澎湃【词根】上升；起立
surrect,【词根】上升；起立
sus,【前缀】下；次
sw,词根：摇摆
swall,词根：吃，喝
swer,词根：说
swif,词根：快速移动
sy,【前缀】类似；连；同时；相同
syl,【前缀】类似；连；同时；相同
sylv,词根：森林
sym,【前缀】类似；连；同时；相同
syn,【前缀】类似；连；同时；相同
sys,【前缀】共同
syst,词根：组织，系统
t,【后缀】-ed的异体，用于构成过去分词等
tabl,词根：板，桌子
tabul,词根：plank（平板）
tac,【词根】沉默的
tach,n.  环; 扣【词根】连接；钉，杆，棒
tacho,词根：speed快速，速度
tachy,词根：speed快速，速度
tact,/ tAkt/n.机智， 手法， 老练， 角觉【词根】接触
tag,n.  牌子; 标签; 短句【词根】接触
tail,n. 尾巴；踪迹；辫子；燕尾服【词根】裁剪；切割
tain,【词根】握，持，守；伸，拉
tal,词根：携带，搬运，忍受，重量，钱；数，叙述，切割
tam,词根：统治，家，屋，驯服
tamin,n. 塔明有光薄呢【词根】接触
tang,/ tAN/ n. 强烈味道， 特殊的气味， 特性【词根】接触
tap,/ tAp/n.龙头。词根：顶尖
taph,词根：tomb（墓）
tard,词根：表示“慢”
tauto,词根：same（相同）
tax,vt.增添…负担 n.税【词根】排列
tea,/ ti:/ n. 茶， 茶叶【词根】拉；拽；扯
techn,【词根】艺术；技巧
techno,【计】 技术【词根】艺术；技巧
tect,【词根】覆盖
teen,n. 青少年（等于teenager）【后缀】表示数字
teg,n. 两岁的羊【词根】覆盖
tegr,【词根】接触；完整
tel,词根：再数，数，叙述，切割；目的，末端；远
tele,n. 电视【词根】远【前缀】远距离
telo,词根：末端；远，电视，电报，电信，传真
tem,词根：时间
temn,词根：表示“藐视”
temper,/ 5tempE/  n.恶劣的心情，心绪焦躁【词根】适度的
templ,词根：tmple（庙）
tempo,n.  速度， 拍子【词根】时间
tempor,【词根】时间；时代
tempt,/ tempt/  vt.引诱【词根】藐视;尝试
ten,/ ten/num.十【词根】使保持；维持;抓；薄
tend,/ tend/vt. 照料， 照顾； 护理【词根】伸展
tens,【词根】伸展
tent,/ tent/n.帐篷【词根】尝试；伸展
tenu,【词根】薄的
tep,词根：slightwarmth微温
ter,【前缀】三次的；三倍的
tera,词根：万亿
terg,【词根】背部
term,/ tE:m/n.学期， 期限， 期间， 条款【词根】边界；限制
termin,词根：表示“界限”
terr,【词根】地球；土地;使惊吓
terra,n.  地; 土地【词根】地; 土地
test,/ test/n. 试验；检验【词根】证明；试验
tetr,前缀：四  
tetra,/ 'tetrE/ n. 脂鲤【前缀】四
text,/ tekst/n.课文；课本;vt.发短信【词根】编织
th,【后缀】构成抽象名词，表示行为、性质、状态、情况
the,/ TE， Ti/  这(那)；这(那)些【词根】神
thef,词根：偷
theo,【词根】神
ther,后缀:构成名词，表示“动作”，“过程”等
therap,词根：cure治疗，疗法
therapy,n.  治疗，疗法【后缀】表示'治疗'的意思，构成复合语  
therm,n. 千卡， 克卡， 撒姆(煤气热量单位)【前缀】热
thermo,词根：热，温
thes,【词根】放
thesis,n.  论题， 论文【词根】放
thet,【词根】放
thir,词根：干，地
thr,词根：通过，穿过，征服
thrif,词根：抓
thriv,词根：抓
throne,n. 王座；君主；王权【词根】座位
thum,词根：膨胀，鼓
thun,词根：打雷
thund,词根：声音
thusi,【词根】上帝，神
tic,/ tik/ n. 痉挛【词根】形容词后缀
tig,【词根】接触
tim,蒂姆（男名）(A10)【词根】恐怖，怕
tin,n. 锡；罐头，罐；马口铁【词根】使保持；维持
tinct,n. 色彩；颜色【词根】容纳；刺
tind,词根：棍，柴；堆，垛
ting,词根：接触
tinu,词根：持续，拿住
tion,【后缀】表示状态；表示结果；表示行为（构成名词）
tious,后缀：形容词后缀，表示“…的”，“有…性质的”
tip,/ tip/n. 小费；尖端  vi. 给小费。【词根】顶尖
tir,【词根】缺乏，缺少;拉回
tire,/ 5taiE/vi. 疲劳；厌倦【词根】拉回
tla,词根：携带，搬运，忍受，重量，钱
tol,词根：携带，搬运，忍受，重量，钱
toler,词根：表示“容忍”
tom,汤姆（男名）【词根】切割
tomy,后缀:主要用于外科手术后缀，表示“切开”  
ton,/ tQn/n. 吨；很多，大量【词根】语调；声音
tongu,词根：舌头，语言，舔
top,n. 顶部，顶端 【词根】地点
tor,n.石山，突岩； 毫巴【词根】转；扭
torm,词根：沉重的咚咚声；痛苦
torn,/ tR:n/ tear的过去分词【词根】转；扭
torp,词根：numb（麻木）
torr,词根：干，地
tors,【词根】转；扭
tort,/ tR:t/ n. 民事侵权行为【词根】扭曲
tot,/ tRt/ n. 小孩， 少量， 合计【词根】完全地，彻底地
tour,/ tuE/n. 旅游，旅行；巡回演出【词根】转
tourn,词根：表示“转，环绕”
tox,【医】 毒【词根】毒药
tr,词根：通过，穿过，征服
tra,【前缀】通过;拉
trac,词根：抽，拉引，拖
tract,/ 5trAkt/  n.(美)地产；住房开发区【词根】拉；画
trad,词根：跑，走，踩
trai,词根：拉曳
tran,词根：通过，穿过，征服；横过
trans,【电】 transimitter的简写【前缀】横过，贯通
tre,词根：贡献，分配
treas,前缀：表示穿、越、超之意；财富
treat,n.宴请， 款待， 请客【词根】抽，拉引，拖，处理
trem,词根：颤，恐惧
tremb,词根：抖，颤
trench,/ trentF/ n. 渠， 沟渠， 战壕【词根】切割cut
trep,词根：恐惧fear
trepid,词根：trembling（颤抖）
tres,【前缀】通过
tri,【计】 三【前缀】三
trib,词根：给予
tribut,词根：表示“给予”
tric,词根：琐碎
trich,前缀：毛发  
trict,词根：拉扯、 拉紧
trideca,【前缀】十三
triev,词根：转
trit,【词根】磨
triv,词根：转
trix,后缀:表示“女性…者”  
tron,后缀：名词后缀，表示“仪器、装置”等
trop,【词根】转
troph,词根：表示“营养”
trou,词根：转，动，乱
tru,词根：坚固，坚定，持续；坚固，坚定，持续
truct,词根：拖，拉；建立
trud,【词根】刺，挤，榨，推，冲
trude,词根：推
trus,【词根】插入；推
tub,/ tQb/ n. 桶， 浴盆【词根】管子
tude,【后缀】构成抽象名词，表示“性质”，“状态”
tui,/ 'tu:i/ n. 蜜雀。【词根】监护，看管
tuit,词根：监护，看管，保护
tum,/ tQm/ n. 当的一声【词根】肿胀
tun,n.大酒桶【词根】声音；伸，拉
tur,词根：转，动，乱
turb,【词根】扰乱，搅动
ture,后缀:名词后缀，表示行为、行为的结果，物品等
turg,词根：swell肿
turm,词根：混乱
turn,vt. 转动【词根】旋，转，磨，擦
tus,词根：牙
tut,interj. 啧啧(表示不赞成、责难)【词根】监护，看管
tw,【词根】扭；二
twi,【前缀】二；二倍
ty,【后缀】表示抽象名词
typ,【词根】模型
typh,词根:fever(发烧)
ual,后缀：形容词后缀，表示“...的”，与-al同
uber,n. 乳房词根：fruitful（果实）
ubiqu,词根：到处
ucor,词根：wife（老婆）
ul,【词根】成长，生长，滋养
ular,后缀：表形容词，“有…形状或性质的”
ule,【后缀】表小称或“缩小”
ulous,后缀：形容词后缀
uls,"词根：表示""收缩，撕开"" "
ult,"词根：表示""收缩，撕开"" "
ultim,【词根】最后的
ultima,adj.  最后的; 最远的【词根】最后的
ultra,/ 5QltrE/  a.超乎寻常的【前缀】极端；在……那边
um,interj.嗯【后缀】表示地点
umb,词根：子宫
umbr,【词根】阴影
ump,/ Qmp/ n. 裁判员vi. 当裁判【词根】隆起
un,联合国【词根】一【前缀】不，无；相反的动作
und,【词根】水，湿，水波
undeca,【前缀】十一
under,/ 5QndE/  在下面【前缀】在…下，不足，低劣
uni,【前缀】一
uous,后缀：表形容词，表示有...性质的，属于...的
up,/ Qp/  adv. 起来；上涨；向上【前缀】向上
ur,词根：尿
uran,词根：铀，天
urb,【词根】城市
ure,【后缀】构成抽象名词，表示行为、行为的结果、状态等
urg,【词根】推，驱使，追踪
urgy,词根：technology工艺
urin,词根：表示“尿”
urs,词根：熊
us,/ Qs， Es/  我们(宾格)【词根】使用
usu,【词根】使用
ut,【词根】用【前缀】向外；超越；胜过
ute,【后缀】表性质、大小状况、状貌
uter,词根：子宫
uti,【法】 使用， 为特定目的的而使用【词根】使用
util,词根：用
utop,词根：空想
vac,/ vAk/ n. 休假， 真空吸尘器【词根】空的
vacc,词根：母牛
vaccin,【医】 菌苗， 疫苗【词根】牛痘
vacu,【词根】空的
vad,【词根】行走
vade,【词根】行走
vag,【词根】走
vaga,词根:wander(流浪)
vagr,词根：表示“漫游”
vail,v.  放下; 有利于【词根】强壮的;强大，力量，价值
val,【词根】强壮的;强大，力量，价值
vale,/ veil/  n.山谷；溪谷【词根】farewell（再见）
vali,词根：强壮的;有价值的
valu,词根：强壮的;有价值的
valv,词根：门
van,/ vAn/n. 先锋；厢式货车【词根】空的；前
vance,词根：在先
vant,【词根】前
vap,词根：蒸汽
var,【词根】不同的；变化
vari,【词根】不同的；变化
varic,词根：静脉曲张；观望
vas,【医】 管， 脉管【词根】走，漫游
vascul,词根：管，脉管，血管
vaso,词根：管，脉管，血管
veal,/ vi:l/ n. 小牛肉vt. 宰小牛【词根】面纱，织网
vect,【词根】运送；传达
veg,【词根】注视，留心，活跃，强
veget,【词根】植物
veh,【词根】运送；传达
vel,词根：紧，固，约定；抓，撕，毛；转，滚，卷，弯
veloc,词根：快速的，迅速的
velop,【词根】包；裹；盖子
ven,【词根】来；走；发生
veng,词根：惩罚
venge,【词根】报仇
vent,/ vent/n.通风孔， 出烟孔， 出口【词根】来，去，走，风
ventr,词根：venter腹
ver,ver (Version) 版本， 变化【词根】真实的;确实的;转
verb,/ vE:b/  n.动词【词根】字；词
verd,词根：green（绿）
verg,【词根】转；弯曲；倾向；倾斜
veri,词根：真实的
verm,词根：蠕虫
vermi,词根：虫
vers,【词根】转移；改变；转向
vert,/ vE:t/ n. 草木， 绿色【词根】转移；改变；转向
ves,词根：衣服
vesic,词根：裹，疮，泡
vest,/ vest/n. 背心；汗衫【词根】衣服；转
vestig,词根：脚印，踪迹
vet,/ vet/ n. 兽医【词根】老old
veter,词根：old（老）
vey,【词根】给；路
vi,【计】 vi文本编辑器【词根】路
via,/ 5vaiE/  prep.凭借；通过；经过。【词根】路；运送
vibr,词根：表示“摇摆”
vic,【词根】改变，代替；宗族，家；分开，宽
vice,/ vais/n.恶习， 恶行， 坏脾气， 罪恶【前缀】“副…”
vicin,词根：邻近
vicis,词根：改变，代替
vict,【词根】征服
vid,【词根】看见;切
vig,【词根】快活的；有生气的
vil,词根：表示”卑劣“
vill,词根：宗族，家
vin,词根：酒， 葡萄
vinc,【词根】征服，战斗
vind,词根：惩罚
viol,n. 中世纪的六弦提琴【词根】暴力
vir,【词根】流，男人，强
virg,词根：女；子宫
viro,词根：virus病毒
virt,词根：存在，生物，生命
viru,词根：virus病毒
vis,【医】 力【词根】看见；切
visc,词根：黏
viscer,词根：viscera内脏
visuo,词根：看见
vit,【词根】生命，活
vita,n.  个人简历， 生命【词根】生命，活
viti,词根：fault（错误）
vituper,词根：blame（责备）
viv,【词根】生命，活
vivi,【词根】生命，活
voc,【词根】叫喊;声
voic,词根：说，叫，声音
void,/ vRid/  n.空虚感【词根】空
vok,【词根】声音，叫喊
voke,【词根】声音，叫喊
vol,【词根】飞;意志；意志力；转
volcan,词根：火
volt,n.  伏特; 环骑; 闪避【词根】卷，转
volu,【词根】滚，转
volunt,词根：表示“意志，意愿”
volut,【词根】滚动；卷
volv,词根：滚，转
volve,【词根】滚动；卷
vor,【词根】吃
vorc,词根：转，弯
vort,词根：转变，改变
vot,【词根】给
vouc,词根：喊叫；声音
vour,词根：吃，食
vow,n.  誓约【词根】说
voy,【词根】路；看
vul,词根：抓，撕，受伤，拔毛，毛
vulcan,n.  火和锻冶的神【词根】火
vulg,【词根】人群，普通民众
vuln,词根：伤口 
vuls,【词根】扯
vulse,【词根】采摘;拉出；拔出
vult,词根：收缩，撕开
wad,/ wRd/n. 填料；块状软物  v.使…成一团。词根：走
waiv,词根：挥去，漂送；放弃
wak,词根：注视，留心，活跃，强
wal,词根：转，滚，卷，弯
wan,/ wCn/adj.病态的， 暗淡的， 无力的【词根】缺乏
war,n.战争 ;vi. 打仗，作战；对抗【词根】注意，保护
ward,n.病房；选区【词根】照顾，照料【后缀】表示方向
wards,【后缀】表示方向
ware,/ wZE/n. 陶器，器皿;vt. 留心；小心【词根】注视
wat,词根：水，湿，水波
wav,词根：织，迅速移动，转
way,/ wei/n.路【后缀】表示方式
ways,【后缀】副词后缀，有的兼作形容词后缀
weav,词根：织，迅速移动，转
web,/ web/  网；网织品。词根：织，迅速移动，转
wel,前缀：使动词构成名词 
wha,词根：多少，什么
whe,词根：多少，什么
whi,词根：多少，什么
who,/ hu:/  谁。【词根】多少，什么
whol,词根：完整，无损伤，健康
wich,后缀：镇，村
wick,/ wik/ n. 灯芯， 油绳【后缀】镇，村
wid,词根：分开，切；分开，宽
wif,词根：织，迅速移动，转
wil,词根：智慧
wint,词根：水，湿，水波
wip,词根：织，迅速移动，转
wir,词根：旋，转，卷
wis,词根：看
wise,/ waiz/adj. 明智的；聪明的【后缀】表示方式
wit,词根：知道，了解，智慧
with,/ wiT/prep. (表示伴随)与此同时【前缀】反对；反抗
wiz,n.奇才，能手，行家【词根】智慧
wol,词根：抓，撕，受伤，拔毛，毛
wor,词根：男人，强
wors,词根：战争，搞乱，混
wr,【词根】扭
wright,n.  建造者， 制造者【后缀】劳动者  
xanth,词根：黄色 
xantho,词根：黄色
xen,词根：异
xeno,词根：异
xer,词根：干燥
xero,词根：干燥
xiph,词根：剑
xipho,词根：剑
xyl,词根：木 
xylo,词根：木
y,【后缀】表性质、大小状况、状貌
yer,【后缀】表示“人”
yl,后缀：名词后缀，【化学】表示：“基”，“根”
ysm,后缀:表示动作的结果  
zinco,词根：锌
zo,【词根】动物
zon,词根：带
zoo,"/ zu:/n.动物园。词根：表示""动物"""
zyg,词根：轭，成对，接合
zym,【词根】酵母，发酵
